data_publicacao;uf;municipio;orgao;modalidade;itens_servidor;valor_estimado;no_grupo_1bit;numero_controle_pncp;link_pncp;link_portal_origem
2026-08-03;MS;Nova Andradina;Municipio De Nova Andradina;Pregão - Eletrônico;1;43275,18;nao;03173317000118-1-000078/2026;https://pncp.gov.br/app/editais/03173317000118/2026/78;
2026-08-03;ES;Vitória;Secretaria De Estado De Gestao E Recursos Humanos;Leilão - Eletrônico;2;3600,00;nao;07162270000148-1-000033/2026;https://pncp.gov.br/app/editais/07162270000148/2026/33;
2026-07-31;SP;Bragança Paulista;Braganca Paulista Camara Municipal;Dispensa;3;32897,37;nao;47015532000166-1-000008/2026;https://pncp.gov.br/app/editais/47015532000166/2026/8;
2026-07-31;MG;Sete Lagoas;Sete Lagoas Camara Municipal;Dispensa;1;4481,91;nao;19781236000130-1-000095/2026;https://pncp.gov.br/app/editais/19781236000130/2026/95;
2026-07-31;MG;Madre De Deus De Minas;Municipio De Madre De Deus De Minas;Dispensa;1;7169,83;nao;18029371000161-1-000053/2026;https://pncp.gov.br/app/editais/18029371000161/2026/53;
2026-07-30;GO;Trindade;Municipio De Trindade;Pregão - Eletrônico;2;65306,90;nao;01217538000115-1-000112/2026;https://pncp.gov.br/app/editais/01217538000115/2026/112;https://www.portaldecompraspublicas.com.br/processos/GO/Prefeitura-Municipal-de-Trindade-1042/RPE-013-2026-2026-499906
2026-07-30;SP;Piracicaba;Municipio De Piracicaba;Pregão - Eletrônico;1;2839058,96;nao;46341038000129-1-000485/2026;https://pncp.gov.br/app/editais/46341038000129/2026/485;https://bnccompras.com/Process/ProcessView?param1=[gkz]AJwHiwCP1tLnhEKEcEx/HN6_76JYSG2mh96HkcF/ghLavYwIjbnQ329WIJy51DaP5og_CM2Y_RqItmXHjLWS_eaXBerSYv9QHHbigiKK_lE=
2026-07-30;PR;Nova Aurora;Municipio De Nova Aurora;Pregão - Eletrônico;1;460000,00;nao;76208859000152-1-000087/2026;https://pncp.gov.br/app/editais/76208859000152/2026/87;https://cnetmobile.estaleiro.serpro.gov.br/comprasnet-web/public/compras/acompanhamento-compra?compra=98796505000032026
2026-07-30;AP;Cutias;Municipio De Cutias;Pregão - Eletrônico;1;2874,00;nao;34925198000136-1-000010/2026;https://pncp.gov.br/app/editais/34925198000136/2026/10;https://licitanet.com.br/sessao/195289
2026-07-29;RN;Parnamirim;Camara Municipal De Parnamirim;Pregão - Eletrônico;1;1600,50;nao;09116070000184-1-000023/2026;https://pncp.gov.br/app/editais/09116070000184/2026/23;
2026-07-29;RS;Parobé;Municipio De Parobe;Pregão - Eletrônico;2;359705,82;nao;88372883000101-1-000233/2026;https://pncp.gov.br/app/editais/88372883000101/2026/233;
2026-07-29;PB;Belém;Municipio De Belem;Dispensa;1;43599,96;nao;08928517000157-1-000086/2026;https://pncp.gov.br/app/editais/08928517000157/2026/86;
2026-07-28;RJ;Campos Dos Goytacazes;Municipio De Campos Dos Goytacazes;Pregão - Eletrônico;2;;nao;29116894000161-1-000034/2026;https://pncp.gov.br/app/editais/29116894000161/2026/34;https://licitanet.com.br/sessao/195428
2026-07-28;MG;Catas Altas Da Noruega;Municipio De Catas Altas Da Noruega;Pregão - Eletrônico;1;7297,85;nao;19718378000153-1-000055/2026;https://pncp.gov.br/app/editais/19718378000153/2026/55;https://catasaltasdanoruega.licitapp.com.br/
2026-07-28;RN;Natal;Rio Grande Do Norte Procuradoria Geral Do Estado;Pregão - Eletrônico;1;1368490,00;nao;08286940000109-1-000009/2026;https://pncp.gov.br/app/editais/08286940000109/2026/9;https://cnetmobile.estaleiro.serpro.gov.br/comprasnet-web/public/compras/acompanhamento-compra?compra=92577405000672026
2026-07-28;SP;São Pedro;Camara Municipal De Sao Pedro;Dispensa;1;37100,00;nao;01637740000104-1-000028/2026;https://pncp.gov.br/app/editais/01637740000104/2026/28;
2026-07-28;PB;Juru;Municipio De Juru;Pregão - Eletrônico;1;2113,85;nao;08888950000106-1-000061/2026;https://pncp.gov.br/app/editais/08888950000106/2026/61;https://www.portaldecompraspublicas.com.br/processos/PB/Prefeitura-Municipal-de-Juru-1525/RPE-012-2026-2026-492463
2026-07-28;RJ;Rio De Janeiro;Tribunal Regional Eleitoral Do Rio De Janeiro;Pregão - Eletrônico;1;45433,50;nao;06170517000105-1-000095/2026;https://pncp.gov.br/app/editais/06170517000105/2026/95;https://cnetmobile.estaleiro.serpro.gov.br/comprasnet-web/public/compras/acompanhamento-compra?compra=07001705002002026
2026-07-27;MT;Sorriso;Municipio De Sorriso;Pregão - Eletrônico;2;370000,00;nao;03239076000162-1-000136/2026;https://pncp.gov.br/app/editais/03239076000162/2026/136;
2026-07-24;RS;Erechim;Consorcio Publico Intermunicipal Da Regiao Do Alto Uruguai - Cirau;Pregão - Eletrônico;2;;nao;11074898000169-1-000033/2026;https://pncp.gov.br/app/editais/11074898000169/2026/33;https://www.portaldecompraspublicas.com.br/processos/RS/Consorcio-Intermunicipal-da-Regiao-do-Alto-Uruguai-CIRAU-1055/RPE-020-2026-2026-498315
2026-07-24;MG;Pouso Alegre;Instituto Federal De Educacao, Ciencia E Tecnologia Do Sul De Minas Ge;Pregão - Eletrônico;2;3669677,90;nao;10648539000105-1-000144/2026;https://pncp.gov.br/app/editais/10648539000105/2026/144;https://cnetmobile.estaleiro.serpro.gov.br/comprasnet-web/public/compras/acompanhamento-compra?compra=15813705005012026
2026-07-24;PR;Terra Rica;Terra Rica Camara Municipal;Dispensa;1;8722,00;nao;01432222000146-1-000004/2026;https://pncp.gov.br/app/editais/01432222000146/2026/4;
2026-07-24;GO;Morrinhos;Fundo Municipal De Educacao-Fme;Pregão - Eletrônico;1;16160,66;nao;50053522000120-1-000132/2026;https://pncp.gov.br/app/editais/50053522000120/2026/132;
2026-07-23;RS;São Luiz Gonzaga;Comando Do Exercito;Pregão - Eletrônico;4;544788,12;nao;00394452000103-1-014378/2026;https://pncp.gov.br/app/editais/00394452000103/2026/14378;https://cnetmobile.estaleiro.serpro.gov.br/comprasnet-web/public/compras/acompanhamento-compra?compra=16043105000802026
2026-07-23;RO;Itapuã Do Oeste;Municipio De Itapua Do Oeste;Pregão - Eletrônico;1;1939,77;nao;63761936000155-1-000034/2026;https://pncp.gov.br/app/editais/63761936000155/2026/34;https://licitanet.com.br/sessao/195006
2026-07-23;SP;Regente Feijó;Municipio De Regente Feijo;Pregão - Eletrônico;1;38566,67;nao;48813638000178-1-000097/2026;https://pncp.gov.br/app/editais/48813638000178/2026/97;https://app2.licitardigital.com.br/pesquisa/108178
2026-07-23;PB;João Pessoa;Municipio De Joao Pessoa;Dispensa;1;64990,00;nao;08778326000156-1-000061/2026;https://pncp.gov.br/app/editais/08778326000156/2026/61;
2026-07-22;SP;São Sebastião;Universidade De Sao Paulo;Dispensa;1;764,00;nao;63025530000104-1-002619/2026;https://pncp.gov.br/app/editais/63025530000104/2026/2619;https://cnetmobile.estaleiro.serpro.gov.br/comprasnet-web/public/compras/acompanhamento-compra?compra=10212406001442026
2026-07-22;MG;Pirapora;Comando Da Marinha;Dispensa;1;10980,00;nao;00394502000144-1-008326/2026;https://pncp.gov.br/app/editais/00394502000144/2026/8326;https://cnetmobile.estaleiro.serpro.gov.br/comprasnet-web/public/compras/acompanhamento-compra?compra=78131306000242026
2026-07-22;AL;Maceió;Fundacao Universitaria De Desenv De Extensao E Pes;Dispensa;2;;nao;12449880000167-1-000495/2026;https://pncp.gov.br/app/editais/12449880000167/2026/495;https://bllcompras.com/DirectBuy/DirectBuyView?param1=[gkz]Y0ikgTwnADp13Lj69PMpMzLwzycgmN9s4EzL37FraklYIw7pMgDZZynnT0BKov9iUTUVH1DuQ7BjM2OjLrJ3V4jyPOCXMgywhXTq9aGJCNc=
2026-07-22;RJ;Magé;Industria De Material Belico Do Brasil Imbel;Dispensa;1;27400,00;nao;00444232000139-1-000780/2026;https://pncp.gov.br/app/editais/00444232000139/2026/780;
2026-07-22;SP;Tatuí;Instituto De Previdencia Propria Do Municipio De Tatui;Dispensa;1;45000,00;nao;11167104000101-1-000009/2026;https://pncp.gov.br/app/editais/11167104000101/2026/9;
2026-07-22;PR;Curitiba;Comando Da Aeronautica;Pregão - Eletrônico;1;79053,00;nao;00394429000100-1-001686/2026;https://pncp.gov.br/app/editais/00394429000100/2026/1686;https://cnetmobile.estaleiro.serpro.gov.br/comprasnet-web/public/compras/acompanhamento-compra?compra=12007205001702026
2026-07-21;RJ;Rio De Janeiro;Municipio De Rio De Janeiro;Pregão - Eletrônico;4;;nao;42498733000148-1-001564/2026;https://pncp.gov.br/app/editais/42498733000148/2026/1564;https://cnetmobile.estaleiro.serpro.gov.br/comprasnet-web/public/compras/acompanhamento-compra?compra=98600105011732026
2026-07-21;MG;Sarzedo;Camara Municipal De Sarzedo;Pregão - Eletrônico;1;4705,60;nao;02306182000159-1-000090/2025;https://pncp.gov.br/app/editais/02306182000159/2025/90;
2026-07-21;SC;Jacinto Machado;Municipio De Jacinto Machado;Pregão - Presencial;1;4360,00;nao;82960758000136-1-000221/2026;https://pncp.gov.br/app/editais/82960758000136/2026/221;
2026-07-21;AL;Feira Grande;Municipio De Feira Grande;Pregão - Eletrônico;1;2898,34;nao;12207528000115-1-000043/2026;https://pncp.gov.br/app/editais/12207528000115/2026/43;https://bnccompras.com/Process/ProcessView?param1=[gkz]58KMef9xFVUXHUNmiAq/rCsdUEArcs_VVL64KuYwk0ggYY1pPL89Cq4aDWC_R1R/0VkextCILopoZq/qoBBc4pvXx_tJtZQLavNhloqqNw8=
2026-07-21;RN;Galinhos;Municipio De Galinhos;Pregão - Eletrônico;1;14995,00;nao;08110991000177-1-000043/2026;https://pncp.gov.br/app/editais/08110991000177/2026/43;https://www.portaldecompraspublicas.com.br/processos/RN/Prefeitura-Municipal-de-Galinhos-1101/RPE-016-2026-2026-497366
2026-07-21;PR;Santa Cruz De Monte Castelo;Santa Cruz Do Monte Castelo Camara Municipal;Pregão - Eletrônico;1;5370,00;nao;02096060000185-1-000014/2026;https://pncp.gov.br/app/editais/02096060000185/2026/14;
2026-07-21;AM;Urucurituba;Municipio De Urucurituba;Pregão - Eletrônico;1;;nao;04502571000185-1-000036/2026;https://pncp.gov.br/app/editais/04502571000185/2026/36;https://bllcompras.com/Process/ProcessView?param1=[gkz]dXEP5dokmGWaAnwxMICIjzsfaQ97HXXMk6XrGoLym1JrVggrJWVsMAD/MYzmNgxFRrj/YMX_uMgiemisXstOzJ0B9iNtFw9Gty_8PvDjEvo=
2026-07-21;SP;Pirassununga;Servico De Agua E Esgoto De Pirassununga;Pregão - Eletrônico;1;21713,84;nao;46965083000154-1-000092/2026;https://pncp.gov.br/app/editais/46965083000154/2026/92;https://bllcompras.com/Process/ProcessView?param1=[gkz]qlDra5jltQ61D/7PwgoEirC2Me7zT1yLSt7y/aKQfHCaJWWfMhncNY6HM88jUfw6_ySzt68s7iF40V19ZOiuJl2UalzITcofNfNSrTkYbhg=
2026-07-21;BA;Fátima;Municipio De Fatima;Pregão - Eletrônico;2;47090,75;nao;13393152000143-1-000041/2026;https://pncp.gov.br/app/editais/13393152000143/2026/41;https://licitanet.com.br/sessao/194547
2026-07-20;BA;Amélia Rodrigues;Municipio De Amelia Rodrigues;Pregão - Eletrônico;1;179744,37;nao;13607213000128-1-000035/2026;https://pncp.gov.br/app/editais/13607213000128/2026/35;https://bllcompras.com/Process/ProcessView?param1=[gkz]zQMkntUtfwxR6O4xnXFrJcNXcx5jQrgx50WzmNj1PGe3tWKq_M2k0HoajPHwNFVn4mTtasRKbsoOCA5DFmd8/DR0WW1/H8/Zi3oPT_iFLu0=
2026-07-20;PR;Terra Rica;Terra Rica Camara Municipal;Dispensa;1;8622,00;nao;01432222000146-1-000002/2026;https://pncp.gov.br/app/editais/01432222000146/2026/2;
2026-07-20;RJ;Rio De Janeiro;Tribunal Regional Federal Da 2 Regiao;Pregão - Eletrônico;1;1640244,02;nao;32243347000151-1-000123/2026;https://pncp.gov.br/app/editais/32243347000151/2026/123;https://cnetmobile.estaleiro.serpro.gov.br/comprasnet-web/public/compras/acompanhamento-compra?compra=09002805000642026
2026-07-20;ES;Vitória;Comando Da Marinha;Pregão - Eletrônico;2;7609,55;nao;00394502000144-1-008187/2026;https://pncp.gov.br/app/editais/00394502000144/2026/8187;https://cnetmobile.estaleiro.serpro.gov.br/comprasnet-web/public/compras/acompanhamento-compra?compra=78160005000382026
2026-07-18;PA;Bujaru;Municipio De Bujaru;Pregão - Eletrônico;1;9099,00;nao;05196563000110-1-000039/2026;https://pncp.gov.br/app/editais/05196563000110/2026/39;https://www.portaldecompraspublicas.com.br/processos/PA/Prefeitura-Municipal-de-Bujaru-820/PE-03-2026-2026-497011
2026-07-17;RS;Ajuricaba;Camara Municipal De Vereadores;Dispensa;1;600,00;nao;03803987000170-1-000014/2026;https://pncp.gov.br/app/editais/03803987000170/2026/14;
2026-07-17;MG;Sarzedo;Camara Municipal De Sarzedo;Dispensa;1;9500,00;nao;02306182000159-1-000073/2025;https://pncp.gov.br/app/editais/02306182000159/2025/73;
2026-07-17;CE;Fortaleza;Estado Do Ceara;Pregão - Eletrônico;2;;nao;07954480000179-1-019596/2026;https://pncp.gov.br/app/editais/07954480000179/2026/19596;http://comprasgovernamentais.gov.br/
2026-07-17;AM;Manaus;Instituto Federal De Educacao, Ciencia E Tecnologia Do Amazonas;Dispensa;1;59550,00;nao;10792928000100-1-000093/2026;https://pncp.gov.br/app/editais/10792928000100/2026/93;https://cnetmobile.estaleiro.serpro.gov.br/comprasnet-web/public/compras/acompanhamento-compra?compra=15814206000342026
2026-07-17;CE;Fortaleza;Tribunal Superior Do Trabalho;Pregão - Eletrônico;1;6411109,87;nao;00509968000148-1-002250/2026;https://pncp.gov.br/app/editais/00509968000148/2026/2250;https://cnetmobile.estaleiro.serpro.gov.br/comprasnet-web/public/compras/acompanhamento-compra?compra=08000405000442026
2026-07-17;BA;Feira De Santana;Comando Do Exercito;Pregão - Eletrônico;1;11172,34;nao;00394452000103-1-000149/2027;https://pncp.gov.br/app/editais/00394452000103/2027/149;https://cnetmobile.estaleiro.serpro.gov.br/comprasnet-web/public/compras/acompanhamento-compra?compra=16002805000972027
2026-07-16;MS;Campo Grande;Secretaria De Estado De Justica E Seguranca Publica - Ms;Pregão - Eletrônico;2;805972,17;nao;03015475000140-1-000035/2026;https://pncp.gov.br/app/editais/03015475000140/2026/35;
2026-07-15;PA;Belém;Secretaria De Estado Das Mulheres (Semu);Pregão - Eletrônico;3;466629,84;nao;50008131000193-1-000012/2026;https://pncp.gov.br/app/editais/50008131000193/2026/12;https://cnetmobile.estaleiro.serpro.gov.br/comprasnet-web/public/compras/acompanhamento-compra?compra=93013605000012026
2026-07-15;MT;Tangará Da Serra;Municipio De Tangara Da Serra;Leilão - Eletrônico;1;23260,00;nao;03788239000166-1-000176/2026;https://pncp.gov.br/app/editais/03788239000166/2026/176;
2026-07-15;SP;São Paulo;Sao Paulo Secretaria Da Seguranca Publica;Pregão - Eletrônico;1;4011,24;nao;46377800000127-1-002975/2026;https://pncp.gov.br/app/editais/46377800000127/2026/2975;https://cnetmobile.estaleiro.serpro.gov.br/comprasnet-web/public/compras/acompanhamento-compra?compra=18022005001642026
2026-07-15;PB;Fagundes;Municipio De Fagundes;Pregão - Eletrônico;1;5440,00;nao;08737694000156-1-000015/2026;https://pncp.gov.br/app/editais/08737694000156/2026/15;https://licitanet.com.br/sessao/193831
2026-07-14;SC;Campos Novos;Servico Autonomo Municipal De Agua E Esgoto;Dispensa;1;34000,00;nao;83158105000109-1-000030/2026;https://pncp.gov.br/app/editais/83158105000109/2026/30;
2026-07-14;BA;Cordeiros;Municipio De Cordeiros;Pregão - Eletrônico;1;19943,33;nao;13694468000175-1-000142/2026;https://pncp.gov.br/app/editais/13694468000175/2026/142;https://bnccompras.com/Process/ProcessView?param1=[gkz]t7jw4RxYsRccaL8Bng0vZul87yo1r6R5rwls_2CsGwxb0KPQuH_dqG7QSbup_JGqOQdN9vJiNgO/PoofG7Pn7kiR5NnbqIB4EzPypJwh1EM=
2026-07-14;PR;Curitiba;Secretaria De Estado Da Seguranca Publica;Pregão - Eletrônico;1;2999,00;nao;76416932000181-1-000233/2026;https://pncp.gov.br/app/editais/76416932000181/2026/233;
2026-07-14;RS;Nova Ramada;Municipio De Nova Ramada;Pregão - Eletrônico;2;240264,00;nao;01611828000149-1-000117/2026;https://pncp.gov.br/app/editais/01611828000149/2026/117;
2026-07-13;MG;Itumirim;Municipio De Itumirim;Pregão - Eletrônico;1;;nao;18244392000108-1-000040/2026;https://pncp.gov.br/app/editais/18244392000108/2026/40;https://itumirim.licitapp.com.br//
2026-07-13;DF;Brasília;Ministerio Da Justica E Seguranca Publica;Pregão - Eletrônico;1;37300,00;nao;00394494000136-1-000713/2026;https://pncp.gov.br/app/editais/00394494000136/2026/713;https://cnetmobile.estaleiro.serpro.gov.br/comprasnet-web/public/compras/acompanhamento-compra?compra=20032605004592026
2026-07-10;PE;Araripina;Municipio De Araripina;Pregão - Eletrônico;1;17916,76;nao;11040854000118-1-000021/2026;https://pncp.gov.br/app/editais/11040854000118/2026/21;https://licitanet.com.br/sessao/192906
2026-07-10;ES;Nova Venécia;Camara Municipal De Nova Venecia;Pregão - Eletrônico;1;47766,67;nao;36349348000136-1-000020/2026;https://pncp.gov.br/app/editais/36349348000136/2026/20;https://bllcompras.com/Process/ProcessView?param1=[gkz]dnqBbGsvxy6C9fPU5CpFw637lBnM1EZEbTHsahiYsh9ejtc7VDuD7tst0j90aSg8QvzT76YtjsLQMnSb/e/Py82MCxTBUOVSj0mAFcYW33g=
2026-07-10;MG;Pedro Leopoldo;Ministerio Da Agricultura, Pecuaria E Abastecimento;Dispensa;1;9475,41;nao;00396895000125-1-000281/2026;https://pncp.gov.br/app/editais/00396895000125/2026/281;https://cnetmobile.estaleiro.serpro.gov.br/comprasnet-web/public/compras/acompanhamento-compra?compra=13005806001762026
2026-07-10;PR;Colombo;Municipio De Colombo;Pregão - Eletrônico;2;16370,45;nao;76105634000170-1-000168/2026;https://pncp.gov.br/app/editais/76105634000170/2026/168;
2026-07-10;SC;Celso Ramos;Municipio De Celso Ramos;Pregão - Eletrônico;1;1400,00;nao;78493343000122-1-000135/2026;https://pncp.gov.br/app/editais/78493343000122/2026/135;https://www.portaldecompraspublicas.com.br/processos/SC/Prefeitura-Municipal-Celso-Ramos-3785/RPE-26-2026-2026-490227
2026-07-09;MG;Pirapetinga;Municipio De Pirapetinga;Dispensa;1;6200,00;nao;18092825000149-1-000041/2026;https://pncp.gov.br/app/editais/18092825000149/2026/41;
2026-07-08;SP;São José Dos Campos;Sao Paulo Secretaria Da Seguranca Publica;Pregão - Eletrônico;1;37438,00;sim;46377800000127-1-002917/2026;https://pncp.gov.br/app/editais/46377800000127/2026/2917;https://cnetmobile.estaleiro.serpro.gov.br/comprasnet-web/public/compras/acompanhamento-compra?compra=18015505001592026
2026-07-08;RJ;Rio De Janeiro;Comando Da Marinha;Dispensa;1;7460,00;nao;00394502000144-1-007511/2026;https://pncp.gov.br/app/editais/00394502000144/2026/7511;https://cnetmobile.estaleiro.serpro.gov.br/comprasnet-web/public/compras/acompanhamento-compra?compra=77100006001162026
2026-07-08;CE;Crato;Estado Do Ceara;Pregão - Eletrônico;1;22356,26;nao;07954480000179-1-019220/2026;https://pncp.gov.br/app/editais/07954480000179/2026/19220;http://comprasgovernamentais.gov.br/
2026-07-08;PR;São Mateus Do Sul;Camara Municipal De Sao Mateus Do Sul;Pregão - Eletrônico;1;10070,03;nao;40216665000151-1-000010/2026;https://pncp.gov.br/app/editais/40216665000151/2026/10;https://cnetmobile.estaleiro.serpro.gov.br/comprasnet-web/public/compras/acompanhamento-compra?compra=92807905000022026
2026-07-08;PR;Foz Do Jordão;Municipio De Foz Do Jordao;Pregão - Eletrônico;1;9500,00;nao;01603719000180-1-000059/2026;https://pncp.gov.br/app/editais/01603719000180/2026/59;https://bllcompras.com/Process/ProcessView?param1=[gkz]RTSfckGGYNjs8GLCi87h/2MeTF7WBypQEU3diYiLFVt_jwxeReYxMT4aiAlL4bb79cUEAQoeMPRjh3eooDhfvfkxheolmaHDtzBE8yVOxtM=
2026-07-08;PR;Candói;Municipio De Candoi;Pregão - Eletrônico;1;33110,00;nao;95684478000194-1-000091/2026;https://pncp.gov.br/app/editais/95684478000194/2026/91;https://cnetmobile.estaleiro.serpro.gov.br/comprasnet-web/public/compras/acompanhamento-compra?compra=98549905000112026
2026-07-08;RS;Salvador Do Sul;Municipio De Salvador Do Sul;Pregão - Eletrônico;1;249840,50;nao;87860763000190-1-000089/2026;https://pncp.gov.br/app/editais/87860763000190/2026/89;https://pregaobanrisul.com.br/editais/0028_2026/353705
2026-07-08;SP;Caieiras;Municipio De Caieiras;Pregão - Eletrônico;1;207425,20;nao;46523064000178-1-000109/2026;https://pncp.gov.br/app/editais/46523064000178/2026/109;
2026-07-08;RS;Salvador Do Sul;Municipio De Salvador Do Sul;Pregão - Eletrônico;1;249840,50;nao;87860763000190-1-000088/2026;https://pncp.gov.br/app/editais/87860763000190/2026/88;
2026-07-07;DF;Brasília;Adaps;Pregão - Eletrônico;2;5268578,41;sim;37318510000111-1-000039/2026;https://pncp.gov.br/app/editais/37318510000111/2026/39;https://cnetmobile.estaleiro.serpro.gov.br/comprasnet-web/public/compras/acompanhamento-compra?compra=93213305000222026
2026-07-07;SP;São Paulo;Sao Paulo Secretaria Da Seguranca Publica;Pregão - Eletrônico;1;123939,15;nao;46377800000127-1-002856/2026;https://pncp.gov.br/app/editais/46377800000127/2026/2856;https://cnetmobile.estaleiro.serpro.gov.br/comprasnet-web/public/compras/acompanhamento-compra?compra=18012905000132026
2026-07-07;ES;Conceição Da Barra;Municipio De Conceicao Da Barra;Dispensa;1;80601,48;nao;27174077000134-1-000055/2026;https://pncp.gov.br/app/editais/27174077000134/2026/55;
2026-07-07;SP;São Paulo;Sao Paulo Secretaria Da Seguranca Publica;Pregão - Eletrônico;1;77891,13;sim;46377800000127-1-002878/2026;https://pncp.gov.br/app/editais/46377800000127/2026/2878;https://cnetmobile.estaleiro.serpro.gov.br/comprasnet-web/public/compras/acompanhamento-compra?compra=18016805000762026
2026-07-06;SP;São Paulo;Secretaria De Gestao E Governo Digital;Pregão - Eletrônico;2;24089529,00;sim;39467292000102-1-000049/2026;https://pncp.gov.br/app/editais/39467292000102/2026/49;https://cnetmobile.estaleiro.serpro.gov.br/comprasnet-web/public/compras/acompanhamento-compra?compra=53010205000712026
2026-07-06;SP;Suzano;Municipio De Suzano;Pregão - Eletrônico;1;1587247,92;nao;46523056000121-1-000093/2026;https://pncp.gov.br/app/editais/46523056000121/2026/93;https://cnetmobile.estaleiro.serpro.gov.br/comprasnet-web/public/compras/acompanhamento-compra?compra=98715105000452026
2026-07-06;PE;Recife;Tribunal Superior Eleitoral;Pregão - Eletrônico;1;370580,92;nao;00509018000113-1-001453/2026;https://pncp.gov.br/app/editais/00509018000113/2026/1453;https://cnetmobile.estaleiro.serpro.gov.br/comprasnet-web/public/compras/acompanhamento-compra?compra=07001005000652026
2026-07-06;MT;Juara;Municipio De Juara;Pregão - Eletrônico;1;6342,70;nao;15072663000199-1-000081/2026;https://pncp.gov.br/app/editais/15072663000199/2026/81;https://www.portaldecompraspublicas.com.br/processos/MT/Prefeitura-Municipal-de-Juara-662/RPE-020-2026-2026-489323
2026-07-06;PR;Quatro Barras;Municipio De Quatro Barras;Pregão - Eletrônico;1;855301,55;nao;76105568000139-1-000140/2026;https://pncp.gov.br/app/editais/76105568000139/2026/140;https://comprasbr.com.br/pregao-eletronico-detalhe/?idlicitacao=46641
2026-07-03;MG;Umburatiba;Municipio De Umburatiba;Pregão - Eletrônico;1;5930,00;nao;18404996000166-1-000005/2026;https://pncp.gov.br/app/editais/18404996000166/2026/5;https://bllcompras.com/Process/ProcessView?param1=[gkz]_i6ChbCUsdWPPAmUsAHO1riZ_iOYPN6i1yWoKKoTzzCR8lo2TR9RK3f3BIO8ZX2gwriQOlymHRWDd2S4smC2/CJqzQ6l8gdjw0fpnxOYp7w=
2026-07-03;SC;Curitibanos;Municipio De Curitibanos;Leilão - Eletrônico;1;4651,14;nao;83754044000134-1-000248/2026;https://pncp.gov.br/app/editais/83754044000134/2026/248;
2026-07-03;RJ;Niterói;Fundacao Municipal De Saude De Niteroi;Dispensa;1;1065,28;nao;32556060000181-1-000023/2026;https://pncp.gov.br/app/editais/32556060000181/2026/23;https://cnetmobile.estaleiro.serpro.gov.br/comprasnet-web/public/compras/acompanhamento-compra?compra=92501606000212026
2026-07-02;GO;Goianésia;Fundo Especial De Reequipamento Do Corpo De Bombeiros Militar;Dispensa;1;949,92;nao;05989335000106-1-000027/2026;https://pncp.gov.br/app/editais/05989335000106/2026/27;
2026-07-02;PR;Rio Azul;Municipio De Rio Azul;Pregão - Eletrônico;1;23005,00;nao;75963256000101-1-000142/2026;https://pncp.gov.br/app/editais/75963256000101/2026/142;https://bllcompras.com/Process/ProcessView?param1=[gkz]1cnXJzMOt/1oLO1gnO6JWSFcvuThbfO2SrqOY/giEsqZV4DPReSOBjbCxoGfuw2/AGSnRchszJVxAEACa2TEhSot4JV3v8OQuh7UEn58TsQ=
2026-07-02;PR;Campo Mourão;Municipio De Campo Mourao;Pregão - Eletrônico;1;13055,98;sim;75904524000106-1-000258/2026;https://pncp.gov.br/app/editais/75904524000106/2026/258;
2026-07-02;SC;Curitibanos;Municipio De Curitibanos;Leilão - Eletrônico;1;4651,14;nao;83754044000134-1-000244/2026;https://pncp.gov.br/app/editais/83754044000134/2026/244;
2026-07-01;RS;São Francisco De Paula;Municipio De Sao Francisco De Paula;Pregão - Eletrônico;1;43543,96;nao;88756879000147-1-000358/2026;https://pncp.gov.br/app/editais/88756879000147/2026/358;https://www.portaldecompraspublicas.com.br/processos/RS/Prefeitura-Municipal-de-Sao-Francisco-de-Paula-3324/PE-45-2026-2026-492233
2026-07-01;SP;Campinas;Fundacao Municipal Para Educacao Comunitaria-Fumec-;Pregão - Eletrônico;1;46925,24;nao;57500902000104-1-000065/2026;https://pncp.gov.br/app/editais/57500902000104/2026/65;https://cnetmobile.estaleiro.serpro.gov.br/comprasnet-web/public/compras/acompanhamento-compra?compra=92525605000012026
2026-07-01;SP;São Paulo;Esp-Controladoria Geral Do Estado;Pregão - Eletrônico;1;;nao;47999864000122-1-000048/2026;https://pncp.gov.br/app/editais/47999864000122/2026/48;https://cnetmobile.estaleiro.serpro.gov.br/comprasnet-web/public/compras/acompanhamento-compra?compra=54010605001622026
2026-07-01;CE;Camocim;Municipio De Camocim;Pregão - Presencial;1;80000,00;nao;07660350000123-1-000084/2026;https://pncp.gov.br/app/editais/07660350000123/2026/84;https://www.governotransparente.com.br/transparencia/11949487/consultarlicitacao?datainfo=MTIwMjMxMDIzMTkyNFBQUA==&clean=false
2026-07-01;RS;Bento Gonçalves;Instituto Federal De Educacao, Ciencia E Tecnologia Do Rio Grande Do S;Pregão - Eletrônico;2;2548747,60;nao;10637926000146-1-000150/2026;https://pncp.gov.br/app/editais/10637926000146/2026/150;https://cnetmobile.estaleiro.serpro.gov.br/comprasnet-web/public/compras/acompanhamento-compra?compra=15814105002902026
2026-07-01;RO;Theobroma;Municipio De Theobroma;Pregão - Eletrônico;1;2813,00;nao;84727601000190-1-000049/2026;https://pncp.gov.br/app/editais/84727601000190/2026/49;https://licitanet.com.br/sessao/191861
2026-07-01;PE;Cachoeirinha;Municipio De Cachoeirinha;Pregão - Eletrônico;1;2890,48;nao;10091619000102-1-000064/2026;https://pncp.gov.br/app/editais/10091619000102/2026/64;https://bnccompras.com/Process/ProcessView?param1=[gkz]R1iPNmUXL90J8kuMbMqU013pMRp9l_4Vc8hjR2XyDe4r2hav_Cvw4BNMXP2x_2Igkd71wuXCdqoXAjRtOlp5znhC6EwWjywe/uN2zG0y4xI=
2026-06-30;PA;Bragança;Municipio De Braganca;Pregão - Eletrônico;1;49362,00;nao;04873592000107-1-000121/2026;https://pncp.gov.br/app/editais/04873592000107/2026/121;https://licitanet.com.br/sessao/191652
2026-06-30;SP;Quatá;Municipio De Quata;Dispensa;1;;nao;44547313000130-1-000057/2026;https://pncp.gov.br/app/editais/44547313000130/2026/57;
2026-06-30;GO;Goianésia;Fundo Especial De Reequipamento Do Corpo De Bombeiros Militar;Dispensa;1;949,92;nao;05989335000106-1-000026/2026;https://pncp.gov.br/app/editais/05989335000106/2026/26;
2026-06-30;PA;Paragominas;Camara Municipal De Paragominas;Pregão - Eletrônico;1;2895,34;nao;34845040000156-1-000023/2026;https://pncp.gov.br/app/editais/34845040000156/2026/23;http://compras.m2atecnologia.com.br/processos/publicacao/549461ebe65747dabdd0d95699d47b15/aquisicao-instalacao-e-configuracao-de-equipament
2026-06-29;GO;Formosa;Municipio De Formosa;Dispensa;1;37051,84;nao;01738780000134-1-000073/2026;https://pncp.gov.br/app/editais/01738780000134/2026/73;
2026-06-29;GO;Cachoeira Alta;Municipio De Cachoeira Alta;Pregão - Eletrônico;1;203,68;nao;02056760000146-1-000016/2026;https://pncp.gov.br/app/editais/02056760000146/2026/16;https://licitanet.com.br/sessao/191603
2026-06-29;RS;Forquetinha;Municipio De Forquetinha;Pregão - Eletrônico;1;4611,00;nao;04214401000103-1-000224/2026;https://pncp.gov.br/app/editais/04214401000103/2026/224;https://www.portaldecompraspublicas.com.br/processos/RS/Prefeitura-Municipal-de-Forquetinha-26/RPE-050-2026-2026-488103
2026-06-29;RS;Forquetinha;Municipio De Forquetinha;Pregão - Eletrônico;1;4611,00;nao;04214401000103-1-000225/2026;https://pncp.gov.br/app/editais/04214401000103/2026/225;https://www.portaldecompraspublicas.com.br/processos/RS/Prefeitura-Municipal-de-Forquetinha-26/RPE-048-2026-2026-488091
2026-06-24;MG;Montes Claros;Consorcio Intermunicipal De Saude Do Alto Jequitinhonha;Pregão - Eletrônico;1;;nao;00699767000150-1-000023/2026;https://pncp.gov.br/app/editais/00699767000150/2026/23;
2026-06-24;MA;Bacabal;Municipio De Bacabal;Pregão - Eletrônico;1;61085,60;nao;06014351000138-1-000043/2026;https://pncp.gov.br/app/editais/06014351000138/2026/43;http://www.portaldecomprasbacabal.com.br
2026-06-23;GO;Anápolis;Consorcio Intermunicipal De Saude Para Gerenciamento Do Samu Macrorreg;Pregão - Eletrônico;1;92750,01;nao;59616682000104-1-000011/2026;https://pncp.gov.br/app/editais/59616682000104/2026/11;
2026-06-23;MG;Ponte Nova;Consorcio Intermunicipal Multissetorial Do Vale Do Piranga;Pregão - Eletrônico;3;143076,50;nao;19738706000183-1-000033/2026;https://pncp.gov.br/app/editais/19738706000183/2026/33;
2026-06-23;PR;Ivaiporã;Municipio De Ivaipora;Pregão - Eletrônico;1;130000,00;sim;75741330000137-1-000180/2026;https://pncp.gov.br/app/editais/75741330000137/2026/180;
2026-06-23;MT;Lucas Do Rio Verde;Servico Autonomo De Agua E Esgoto;Pregão - Eletrônico;1;;nao;01377043000153-1-000022/2026;https://pncp.gov.br/app/editais/01377043000153/2026/22;https://bllcompras.com/Process/ProcessView?param1=[gkz]v9UJ/HSbNm1H1Y_nGR9CntTPG_yoh9eRxMIy58wgQ3X26mzZX7WU9jEYIPsyNMYDE/beJK_f/Q1fDoDZzhnttXxckrdgZy3dxq4pKoYuMwo=
2026-06-23;SP;São Sebastião;Universidade De Sao Paulo;Dispensa;1;26418,00;nao;63025530000104-1-002188/2026;https://pncp.gov.br/app/editais/63025530000104/2026/2188;
2026-06-23;SP;Campinas;Universidade Estadual De Campinas;Dispensa;1;513625,28;nao;46068425000133-1-001225/2026;https://pncp.gov.br/app/editais/46068425000133/2026/1225;
2026-06-23;MG;Cedro Do Abaeté;Municipio De Cedro Do Abaete;Pregão - Eletrônico;1;45628,00;nao;18296657000103-1-000049/2026;https://pncp.gov.br/app/editais/18296657000103/2026/49;https://app2.ammlicita.org.br/pesquisa/104902
2026-06-23;SP;Sarapuí;Municipio De Sarapui;Pregão - Eletrônico;1;2000,00;nao;46634341000110-1-000126/2026;https://pncp.gov.br/app/editais/46634341000110/2026/126;
2026-06-23;MG;Mantena;Municipio De Mantena;Pregão - Eletrônico;1;39980,13;nao;18504167000155-1-000036/2026;https://pncp.gov.br/app/editais/18504167000155/2026/36;https://app2.ammlicita.org.br/pesquisa/104929
2026-06-22;RO;Monte Negro;Municipio De Monte Negro;Pregão - Eletrônico;1;5876,31;nao;63761985000198-1-000048/2026;https://pncp.gov.br/app/editais/63761985000198/2026/48;https://licitanet.com.br/sessao/190794
2026-06-22;RS;Panambi;Municipio De Panambi;Pregão - Eletrônico;1;20521,80;nao;88702089000189-1-000060/2026;https://pncp.gov.br/app/editais/88702089000189/2026/60;
2026-06-22;SC;Celso Ramos;Municipio De Celso Ramos;Pregão - Eletrônico;1;1400,00;nao;78493343000122-1-000112/2026;https://pncp.gov.br/app/editais/78493343000122/2026/112;
2026-06-22;RN;São Gonçalo Do Amarante;Sao Goncalo Do Amarante Camara Municipal;Dispensa;1;5000,00;nao;09427998000180-1-000011/2026;https://pncp.gov.br/app/editais/09427998000180/2026/11;
2026-06-19;AM;Manaus;Fundo Especial Da Procuradoria Geral Do Estado Do Amazonas - Fundpge;Pregão - Eletrônico;1;;sim;14877478000109-1-000020/2026;https://pncp.gov.br/app/editais/14877478000109/2026/20;https://www.e-compras.am.gov.br/publico/licitacoes_detalhes.asp?ident=254819
2026-06-19;PB;João Pessoa;Secretaria De Estado Da Seguranca E Da Defesa Social;Dispensa;1;2929,00;nao;08730095000100-1-000048/2026;https://pncp.gov.br/app/editais/08730095000100/2026/48;
2026-06-18;SP;Capela Do Alto;Municipio De Capela Do Alto;Dispensa;1;450,00;nao;46634077000114-1-000064/2026;https://pncp.gov.br/app/editais/46634077000114/2026/64;https://capeladoalto.cidadeinteligente.app.br//storage/site/decreto/7n1ShDIG1vFbIKWJgTxm0ejgvOMJiWmwX8TvWrTA.pdf
2026-06-18;RS;Guabiju;Municipio De Guabiju;Dispensa;1;36490,00;nao;91566844000150-1-000036/2026;https://pncp.gov.br/app/editais/91566844000150/2026/36;
2026-06-18;RS;São Gabriel;Municipio De Sao Gabriel;Pregão - Eletrônico;1;4401,50;nao;88768080000170-1-000160/2026;https://pncp.gov.br/app/editais/88768080000170/2026/160;
2026-06-18;SE;Aracaju;Servico Social Do Comercio - Sesc Ar/Se;Pregão - Eletrônico;1;31872,50;nao;03637549000180-1-000090/2026;https://pncp.gov.br/app/editais/03637549000180/2026/90;https://licitacoes-e2.bb.com.br/aop-inter-estatico/visualizar-processo-publico/1095242
2026-06-18;RJ;Niterói;Comando Da Marinha;Dispensa;1;7840,00;nao;00394502000144-1-006436/2026;https://pncp.gov.br/app/editais/00394502000144/2026/6436;
2026-06-18;PR;Ibiporã;Municipio De Ibipora;Pregão - Eletrônico;1;27354,49;nao;76244961000103-1-000063/2026;https://pncp.gov.br/app/editais/76244961000103/2026/63;
2026-06-18;RS;São Gabriel;Municipio De Sao Gabriel;Pregão - Eletrônico;1;4401,50;nao;88768080000170-1-000159/2026;https://pncp.gov.br/app/editais/88768080000170/2026/159;https://www.portaldecompraspublicas.com.br/processos/RS/Prefeitura-Municipal-de-Sao-Gabriel-1240/PE-19-2026-2026-489460
2026-06-18;PR;Palmas;Municipio De Palmas;Pregão - Eletrônico;2;57907,27;sim;76161181000108-1-000113/2026;https://pncp.gov.br/app/editais/76161181000108/2026/113;
2026-06-18;MG;Bom Jesus Da Penha;Municipio De Bom Jesus Da Penha;Pregão - Eletrônico;1;1170,40;nao;18187815000197-1-000080/2026;https://pncp.gov.br/app/editais/18187815000197/2026/80;https://app2.ammlicita.org.br/pesquisa/104252
2026-06-17;SP;Piraju;Municipio De Piraju;Dispensa;1;60864,98;nao;46223699000150-1-002058/2026;https://pncp.gov.br/app/editais/46223699000150/2026/2058;http://pncpmap.jelastic.saveincloud.net
2026-06-17;PB;Mãe D'Água;Municipio De Mae D'Agua;Dispensa;1;5304,96;nao;09084088000141-1-000038/2026;https://pncp.gov.br/app/editais/09084088000141/2026/38;https://www.portaldecompraspublicas.com.br/processos/PB/Prefeitura-Municipal-de-Mae-DAgua-3009/DE-017-2026-2026-485340
2026-06-16;BA;Salvador;Empresa Baiana De Aguas E Saneamento S/A - Embasa;Pregão - Eletrônico;2;;nao;13504675000110-1-000167/2026;https://pncp.gov.br/app/editais/13504675000110/2026/167;https://licitacoes-e2.bb.com.br/aop-inter-estatico/visualizar-processo-publico/1094794
2026-06-16;AC;Jordão;Municipio De Jordao;Pregão - Eletrônico;1;62833,30;nao;84306497000160-1-000009/2026;https://pncp.gov.br/app/editais/84306497000160/2026/9;https://licitanet.com.br/sessao/189959
2026-06-16;AM;Itacoatiara;Municipio De Itacoatiara;Pregão - Presencial;6;344637,68;sim;04241980000175-1-000042/2026;https://pncp.gov.br/app/editais/04241980000175/2026/42;https://licitanet.com.br/sessao/185356
2026-06-16;RJ;Rio De Janeiro;Universidade Federal Do Rio De Janeiro;Dispensa;1;53158,50;nao;33663683000116-1-000146/2026;https://pncp.gov.br/app/editais/33663683000116/2026/146;
2026-06-15;RS;Forquetinha;Municipio De Forquetinha;Pregão - Eletrônico;1;3074,00;nao;04214401000103-1-000212/2026;https://pncp.gov.br/app/editais/04214401000103/2026/212;
2026-06-12;PA;Redenção;Municipio De Redencao;Pregão - Eletrônico;1;7157,90;nao;04144168000121-1-000042/2026;https://pncp.gov.br/app/editais/04144168000121/2026/42;https://www.portaldecompraspublicas.com.br/processos/PA/Prefeitura-Municipal-de-Redencao-1255/PE-010-2026-2026-484225
2026-06-12;MG;Antônio Carlos;Fundo Municipal De Saude;Pregão - Eletrônico;1;11537,46;nao;10546524000136-1-000017/2026;https://pncp.gov.br/app/editais/10546524000136/2026/17;
2026-06-10;RJ;Rio De Janeiro;Comando Da Marinha;Dispensa;1;55609,57;nao;00394502000144-1-006048/2026;https://pncp.gov.br/app/editais/00394502000144/2026/6048;
2026-06-09;PR;Virmond;Municipio De Virmond;Pregão - Eletrônico;2;18775,05;nao;95587622000174-1-000023/2026;https://pncp.gov.br/app/editais/95587622000174/2026/23;
2026-06-09;AM;Manaus;Imprensa Oficial Do Estado Do Amazonas - Io;Dispensa;1;668,00;nao;04164794000180-1-000040/2026;https://pncp.gov.br/app/editais/04164794000180/2026/40;https://www.e-compras.am.gov.br/publico/licitacoes_detalhes.asp?ident=254653
2026-06-09;PB;Cajazeiras;Cajazeiras Camara Municipal;Pregão - Eletrônico;1;;nao;08841553000189-1-000006/2026;https://pncp.gov.br/app/editais/08841553000189/2026/6;https://www.portaldecompraspublicas.com.br/processos/PB/Camara-Municipal-de-Cajazeiras-4476/RPE-4-2026-2026-486334
2026-06-08;RS;Rio Grande;Comando Da Marinha;Dispensa;1;19568,55;nao;00394502000144-1-005852/2026;https://pncp.gov.br/app/editais/00394502000144/2026/5852;
2026-06-08;PR;Santa Cruz De Monte Castelo;Santa Cruz Do Monte Castelo Camara Municipal;Pregão - Eletrônico;1;5370,00;nao;02096060000185-1-000008/2026;https://pncp.gov.br/app/editais/02096060000185/2026/8;https://bllcompras.com/Process/ProcessView?param1=[gkz]Ln7DwOqIKczos4LhwEyuc0T2fFrDKi9oDtx30ktFN_gyuXKUBjkF/vsPAwU1LoaEt1dZFwkxOFdMFfVJ_P8lmgc0aGrVUB1BWC3yBbm3zXg=
2026-06-03;SC;São Lourenço Do Oeste;Municipio De Sao Lourenco D'Oeste;Pregão - Eletrônico;2;142766,68;nao;83021873000108-1-000357/2026;https://pncp.gov.br/app/editais/83021873000108/2026/357;
2026-06-03;RS;Feliz;Municipio De Feliz;Pregão - Eletrônico;1;13261,80;nao;87838330000139-1-000346/2026;https://pncp.gov.br/app/editais/87838330000139/2026/346;
2026-06-03;PI;Teresina;Estado Do Piaui;Pregão - Eletrônico;1;;nao;06553481000149-1-000093/2026;https://pncp.gov.br/app/editais/06553481000149/2026/93;https://licitacoes-e2.bb.com.br/aop-inter-estatico/visualizar-processo-publico/1094468
2026-06-02;RJ;Rio De Janeiro;Comando Da Marinha;Dispensa;1;59249,00;nao;00394502000144-1-005644/2026;https://pncp.gov.br/app/editais/00394502000144/2026/5644;
2026-06-02;PE;Toritama;Toritama Camara De Vereadores;Dispensa;1;3339,94;nao;08862815000191-1-000003/2026;https://pncp.gov.br/app/editais/08862815000191/2026/3;https://bnccompras.com/Process/ProcessView?param1=[gkz]2vkvZh0SXMvDtXCuIKop7c5sUKcpGXx14yUKfz0th_JH43bb5bMg8MdW7cZoVvzbnejPqModOeFN3h3xxbXtk7YCEh2s/LQDBYVwXW6mnr8=
2026-06-02;MG;Novo Cruzeiro;Municipio De Novo Cruzeiro;Pregão - Eletrônico;1;42899,12;nao;18404889000138-1-000047/2026;https://pncp.gov.br/app/editais/18404889000138/2026/47;http://novocruzeiro.mg.gov.br/
2026-06-01;MG;Conceição Das Alagoas;Municipio De Conceicao Das Alagoas;Pregão - Eletrônico;1;2022,78;nao;18428854000139-1-000047/2026;https://pncp.gov.br/app/editais/18428854000139/2026/47;https://licitanet.com.br/sessao/187694
2026-06-01;AM;Itacoatiara;Municipio De Itacoatiara;Pregão - Presencial;6;;sim;04241980000175-1-000040/2026;https://pncp.gov.br/app/editais/04241980000175/2026/40;https://licitanet.com.br/sessao/185356
2026-06-01;RS;Santo Ângelo;Municipio De Santo Angelo;Pregão - Eletrônico;1;117597,32;nao;87613071000148-1-000226/2026;https://pncp.gov.br/app/editais/87613071000148/2026/226;
2026-06-01;PE;Recife;Fundacao Do Patrimonio Historico E Artistico Pernambuco;Pregão - Eletrônico;1;40000,00;nao;08032567000151-1-000922/2026;https://pncp.gov.br/app/editais/08032567000151/2026/922;
2026-06-01;RO;Vale Do Paraíso;Municipio De Vale Do Paraiso;Pregão - Eletrônico;1;1712,79;nao;63786990000155-1-000031/2026;https://pncp.gov.br/app/editais/63786990000155/2026/31;https://licitanet.com.br/sessao/187951
2026-06-01;MG;Ipuiúna;Municipio De Ipuiuna;Pregão - Eletrônico;1;91158,75;nao;18179226000167-1-000019/2026;https://pncp.gov.br/app/editais/18179226000167/2026/19;https://app2.licitardigital.com.br/pesquisa/102565
2026-05-28;PE;Gravatá;Municipio De Gravata;Dispensa;1;13265,20;nao;11049830000120-1-000177/2026;https://pncp.gov.br/app/editais/11049830000120/2026/177;
2026-05-28;MG;Timóteo;Municipio De Timoteo;Pregão - Eletrônico;1;555253,32;nao;19875020000134-1-000050/2026;https://pncp.gov.br/app/editais/19875020000134/2026/50;https://app2.ammlicita.org.br/pesquisa/101883
2026-05-28;RS;Pelotas;Fundacao Delfim Mendes Silveira;Pregão - Eletrônico;1;89154,15;sim;03703102000161-1-000019/2026;https://pncp.gov.br/app/editais/03703102000161/2026/19;https://bllcompras.com/Process/ProcessView?param1=[gkz]KciQoV8ewNDozTsqSNXePjHbWxf8M6UBLOh9PEs1qKqJoarGsy2nfAtxuI3ND5oLoRxFHTbMl67UruyOTQO_A17FrwAdq9eor/wmte0Rno8=
2026-05-28;MG;Chácara;Municipio De Chacara;Pregão - Eletrônico;1;2132,55;nao;18338137000116-1-000058/2026;https://pncp.gov.br/app/editais/18338137000116/2026/58;https://app2.ammlicita.org.br/pesquisa/102242
2026-05-28;RO;Costa Marques;Municipio De Costa Marques;Pregão - Eletrônico;1;3300,31;nao;04100020000195-1-000024/2026;https://pncp.gov.br/app/editais/04100020000195/2026/24;https://licitanet.com.br/sessao/187096
2026-05-27;RS;Nova Santa Rita;Camara De Vereadores De Nova Santa Rita;Dispensa;1;26044,21;nao;94309309000101-1-000020/2026;https://pncp.gov.br/app/editais/94309309000101/2026/20;
2026-05-27;SP;Presidente Epitácio;Municipio De Presidente Epitacio;Pregão - Eletrônico;4;51036,93;nao;55293427000117-1-000098/2026;https://pncp.gov.br/app/editais/55293427000117/2026/98;
2026-05-27;GO;Morrinhos;Fundo Municipal De Educacao-Fme;Pregão - Eletrônico;1;16160,66;nao;50053522000120-1-000112/2026;https://pncp.gov.br/app/editais/50053522000120/2026/112;https://bnccompras.com/Process/ProcessView?param1=[gkz]jWr8CbXHAwtEMUkHbEcqnlohr6sNjqA0g/rSX8rOUyksE8sTesH1oQarFQ8moFeWpe1kFd4jprXoVXS98xZJ6S4rCffjna9hAwWr8ZepSTE=
2026-05-26;SP;Maracaí;Municipio De Maracai;Dispensa;1;59194,67;nao;44494136000170-1-000152/2026;https://pncp.gov.br/app/editais/44494136000170/2026/152;
2026-05-26;MG;São Francisco De Sales;Municipio De Sao Francisco De Sales;Pregão - Eletrônico;2;88330,32;nao;18457283000160-1-000019/2026;https://pncp.gov.br/app/editais/18457283000160/2026/19;https://licitanet.com.br/sessao/187042
2026-05-25;PI;Teresina;Estado Do Piaui;Pregão - Eletrônico;1;;sim;06553481000149-1-000082/2026;https://pncp.gov.br/app/editais/06553481000149/2026/82;https://licitacoes-e2.bb.com.br/aop-inter-estatico/visualizar-processo-publico/1093824
2026-05-22;SP;Dois Córregos;Municipio De Dois Corregos;Pregão - Eletrônico;2;;nao;45671120000159-1-000122/2026;https://pncp.gov.br/app/editais/45671120000159/2026/122;https://app2.licitardigital.com.br/pesquisa/101379
2026-05-22;SP;Piracicaba;Universidade De Sao Paulo;Dispensa;1;;nao;63025530000104-1-001748/2026;https://pncp.gov.br/app/editais/63025530000104/2026/1748;
2026-05-22;SE;Capela;Associacao De Caridade De Capela;Dispensa;1;;nao;13911698000149-1-000003/2026;https://pncp.gov.br/app/editais/13911698000149/2026/3;https://licitanet.com.br/sessao/186677
2026-05-22;RJ;Angra Dos Reis;Municipio De Angra Dos Reis;Dispensa;1;5741,21;nao;29172467000109-1-000363/2026;https://pncp.gov.br/app/editais/29172467000109/2026/363;
2026-05-22;AL;Roteiro;Municipio De Roteiro;Pregão - Eletrônico;1;12750,00;nao;12264248000149-1-000004/2026;https://pncp.gov.br/app/editais/12264248000149/2026/4;https://bnccompras.com/Process/ProcessView?param1=[gkz]D3kjiFW7LHlZ6drpuJXSO71LZi87aW9_yQuEjA4NDTNCE9CalVrKVZvorEDnnbeRmJN3V16ZQk7Ila9Y9Z18fAEIN3OgglCo0SiiZJ4hrDM=
2026-05-21;PE;Recife;Fundacao Do Patrimonio Historico E Artistico Pernambuco;Pregão - Eletrônico;1;37443,00;nao;08032567000151-1-000859/2026;https://pncp.gov.br/app/editais/08032567000151/2026/859;
2026-05-21;MG;Poços De Caldas;Camara Municipal De Pocos De Caldas;Pregão - Eletrônico;2;947875,70;sim;21401757000167-1-000032/2026;https://pncp.gov.br/app/editais/21401757000167/2026/32;https://www.portaldecompraspublicas.com.br/processos/MG/Camara-Municipal-de-Pocos-de-Caldas-4150/PE-6-2026-2026-482162
2026-05-21;RN;Messias Targino;Municipio De Messias Targino;Pregão - Eletrônico;1;13640,00;nao;08349060000126-1-000002/2026;https://pncp.gov.br/app/editais/08349060000126/2026/2;https://www.portaldecompraspublicas.com.br/processos/RN/Prefeitura-Municipal-de-Messias-Targino-1267/PE-02-2026-2026-481813
2026-05-20;MG;Ibiraci;Municipio De Ibiraci;Pregão - Eletrônico;2;51061,80;sim;17894072000122-1-000020/2026;https://pncp.gov.br/app/editais/17894072000122/2026/20;https://www.slicx.com.br
2026-05-19;RS;Feliz;Municipio De Feliz;Pregão - Eletrônico;1;30249,00;nao;87838330000139-1-000322/2026;https://pncp.gov.br/app/editais/87838330000139/2026/322;
2026-05-19;MT;Sorriso;Municipio De Sorriso;Pregão - Eletrônico;3;761305,00;nao;03239076000162-1-000087/2026;https://pncp.gov.br/app/editais/03239076000162/2026/87;
2026-05-19;MG;Grão Mogol;Municipio De Grao Mogol;Pregão - Presencial;1;20505,00;nao;20716627000150-1-000023/2026;https://pncp.gov.br/app/editais/20716627000150/2026/23;
2026-05-18;MT;Cuiabá;Cuiaba Camara Municipal;Dispensa;1;10827,62;nao;33710823000160-1-000005/2026;https://pncp.gov.br/app/editais/33710823000160/2026/5;
2026-05-18;MG;Itanhandu;Camara Municipal De Itanhandu;Dispensa;1;1239,60;nao;02740012000188-1-000001/2026;https://pncp.gov.br/app/editais/02740012000188/2026/1;https://www.portaldecompraspublicas.com.br/processos/MG/Camara-Municipal-de-Itanhandu-4582/DP-16-2026-2026-480280
2026-05-15;AM;Codajás;Municipio De Codajas;Pregão - Eletrônico;1;;nao;04263331000175-1-000023/2026;https://pncp.gov.br/app/editais/04263331000175/2026/23;https://licitanet.com.br/sessao/185454
2026-05-15;PA;Tucumã;Municipio De Tucuma;Pregão - Eletrônico;2;96360,00;nao;22981088000102-1-000061/2026;https://pncp.gov.br/app/editais/22981088000102/2026/61;https://www.portaldecompraspublicas.com.br/processos/PA/Prefeitura-Municipal-de-Tucuma-2080/RPE-9-2026-026FME-2026-2026-479884
2026-05-15;AM;Itacoatiara;Municipio De Itacoatiara;Pregão - Presencial;6;;sim;04241980000175-1-000038/2026;https://pncp.gov.br/app/editais/04241980000175/2026/38;https://licitanet.com.br/sessao/185356
2026-05-15;MG;Dores De Guanhães;Camara Municipal De Dores De Guanhaes;Pregão - Eletrônico;1;;nao;26214999000165-1-000003/2026;https://pncp.gov.br/app/editais/26214999000165/2026/3;https://app2.licitardigital.com.br/pesquisa/100771
2026-05-15;BA;Salvador;Comando Da Marinha;Dispensa;2;48576,63;nao;00394502000144-1-004550/2026;https://pncp.gov.br/app/editais/00394502000144/2026/4550;
2026-05-14;GO;Mutunópolis;Fundo Municipal De Saude;Dispensa;1;9834,00;nao;11470270000182-1-000076/2026;https://pncp.gov.br/app/editais/11470270000182/2026/76;
2026-05-14;SE;Aracaju;Servico Social Do Comercio - Sesc Ar/Se;Pregão - Eletrônico;1;31872,50;nao;03637549000180-1-000067/2026;https://pncp.gov.br/app/editais/03637549000180/2026/67;https://licitacoes-e2.bb.com.br/aop-inter-estatico/visualizar-processo-publico/1092355
2026-05-14;GO;Mutunópolis;Fundo Municipal De Saude;Dispensa;1;9834,00;nao;11470270000182-1-000077/2026;https://pncp.gov.br/app/editais/11470270000182/2026/77;
2026-05-14;SP;Patrocínio Paulista;Camara Municipal De Patrocinio Paulista;Dispensa;1;1553,77;nao;50486778000120-1-000002/2026;https://pncp.gov.br/app/editais/50486778000120/2026/2;https://www.camarapp.sp.gov.br/portal/editais/0/1/454
2026-05-14;PR;Nova Prata Do Iguaçu;Nova Prata Do Iguacu Camara Municipal;Dispensa;1;8360,04;nao;81266058000183-1-000004/2026;https://pncp.gov.br/app/editais/81266058000183/2026/4;
2026-05-14;BA;Salvador;Municipio De Salvador;Pregão - Eletrônico;1;;nao;13927801000149-1-000101/2026;https://pncp.gov.br/app/editais/13927801000149/2026/101;https://licitacoes-e2.bb.com.br/aop-inter-estatico/visualizar-processo-publico/1092809
2026-05-13;PR;Curitiba;Camara Municipal De Curitiba;Dispensa;1;22847,04;nao;77636520000110-1-000024/2026;https://pncp.gov.br/app/editais/77636520000110/2026/24;
2026-05-13;CE;Camocim;Municipio De Camocim;Pregão - Eletrônico;1;129900,00;nao;07660350000123-1-000070/2026;https://pncp.gov.br/app/editais/07660350000123/2026/70;https://licitamaisbrasil.com.br/detalhes-do-edital/SFz5fwzzhv5j1t0E
2026-05-13;MA;Matões Do Norte;Municipio De Matoes Do Norte;Pregão - Eletrônico;1;45133,59;nao;01612831000187-1-000038/2026;https://pncp.gov.br/app/editais/01612831000187/2026/38;https://licitanet.com.br/sessao/185090
2026-05-13;SP;Piracaia;Municipio De Piracaia;Pregão - Eletrônico;1;6243,48;nao;45279627000161-1-000042/2026;https://pncp.gov.br/app/editais/45279627000161/2026/42;https://bllcompras.com/Process/ProcessView?param1=[gkz]nQtif0uCVMNMlddzdEEwbrxGolmRojat6XAnvANXPA/68dLpFJxmNaqClCdnHedGGH4fLU9gG6pUEr8zNpSY0RHDCHMuhVYB991bGUjrvhA=
2026-05-13;MG;Morro Do Pilar;Municipio De Morro Do Pilar;Pregão - Eletrônico;1;;nao;18303214000100-1-000027/2026;https://pncp.gov.br/app/editais/18303214000100/2026/27;https://app2.licitardigital.com.br/pesquisa/100505
2026-05-13;SC;Florianópolis;Consorcio Interfederativo Santa Catarina - Cincatarina;Pregão - Eletrônico;6;;nao;12075748000132-1-000074/2026;https://pncp.gov.br/app/editais/12075748000132/2026/74;
2026-05-12;MA;Codó;Municipio De Codo;Pregão - Eletrônico;2;;nao;06104863000195-1-000055/2026;https://pncp.gov.br/app/editais/06104863000195/2026/55;http://www.portaldecomprascodo.com.br
2026-05-12;PB;Pocinhos;Municipio De Pocinhos;Pregão - Eletrônico;1;45900,00;nao;08741688000172-1-000043/2026;https://pncp.gov.br/app/editais/08741688000172/2026/43;https://licitanet.com.br/sessao/184842
2026-05-11;MG;Carangola;Municipio De Carangola;Pregão - Eletrônico;2;25270,60;nao;19279827000104-1-000060/2026;https://pncp.gov.br/app/editais/19279827000104/2026/60;
2026-05-11;MG;Carangola;Municipio De Carangola;Pregão - Eletrônico;2;25270,60;nao;19279827000104-1-000061/2026;https://pncp.gov.br/app/editais/19279827000104/2026/61;https://licitanet.com.br/sessao/184787
2026-05-11;MA;Codó;Municipio De Codo;Pregão - Eletrônico;2;;nao;06104863000195-1-000052/2026;https://pncp.gov.br/app/editais/06104863000195/2026/52;http://www.portaldecomprascodo.com.br
2026-05-08;MG;Belo Horizonte;Minas Gerais Secretaria De Estado Da Educacao;Dispensa;1;114000,00;sim;18715599000105-1-000457/2026;https://pncp.gov.br/app/editais/18715599000105/2026/457;https://www1.compras.mg.gov.br/processocompra/processo/consultaProcessoCompra.html?metodo=pesquisar&numero=67&ano=2026&codigoUnidadeCompra=1261347
2026-05-08;PR;Guaíra;Municipio De Guaira;Pregão - Eletrônico;1;30949,00;nao;77857183000190-1-000147/2026;https://pncp.gov.br/app/editais/77857183000190/2026/147;
2026-05-08;SP;São Caetano Do Sul;Municipio De Sao Caetano Do Sul;Pregão - Eletrônico;1;;nao;59307595000175-1-000354/2025;https://pncp.gov.br/app/editais/59307595000175/2025/354;
2026-05-07;AM;Manaus;Fundacao De Vigilancia Em Saude - Fvs-Am;Dispensa;1;;nao;07141411000146-1-000003/2026;https://pncp.gov.br/app/editais/07141411000146/2026/3;https://www.e-compras.am.gov.br/publico/licitacoes_detalhes.asp?ident=254123
2026-05-07;MG;Pouso Alegre;Camara Municipal De Pouso Alegre;Pregão - Eletrônico;1;;sim;25650078000182-1-000033/2026;https://pncp.gov.br/app/editais/25650078000182/2026/33;
2026-05-07;CE;Caucaia;Municipio De Caucaia;Pregão - Eletrônico;1;440613,36;nao;07616162000106-1-000085/2026;https://pncp.gov.br/app/editais/07616162000106/2026/85;https://licitamaisbrasil.com.br/detalhes-do-edital/4nOhwB_2eAIZv0Va
2026-05-07;MG;Pouso Alegre;Camara Municipal De Pouso Alegre;Pregão - Eletrônico;1;;sim;25650078000182-1-000034/2026;https://pncp.gov.br/app/editais/25650078000182/2026/34;https://www.portaldecompraspublicas.com.br/processos/MG/Camara-Municipal-de-Pouso-Alegre-2885/PE-13-2026-2026-477886
2026-05-06;MT;Novo Horizonte Do Norte;Municipio De Novo Horizonte Do Norte;Pregão - Eletrônico;1;1546,82;nao;03238888000193-1-000013/2026;https://pncp.gov.br/app/editais/03238888000193/2026/13;https://transparencia.agilicloud.com.br/prefnovohorizontenorte-mt/licitacoes/licitacao?id=850
2026-05-05;AP;Macapá;Secretaria De Estado De Compras E Licitacoes Do Amapa;Pregão - Eletrônico;3;1022143,74;sim;55515312000120-1-000020/2026;https://pncp.gov.br/app/editais/55515312000120/2026/20;
2026-05-04;PR;Maringá;Universidade Estadual De Maringa;Pregão - Eletrônico;2;777337,13;nao;79151312000156-1-000274/2026;https://pncp.gov.br/app/editais/79151312000156/2026/274;
2026-05-04;MT;Aripuanã;Municipio De Aripuana;Pregão - Presencial;2;1587391,24;nao;03507498000171-1-000044/2026;https://pncp.gov.br/app/editais/03507498000171/2026/44;https://transparencia.agilicloud.com.br/aripuana/licitacoes/licitacao?id=8344
2026-05-04;BA;Palmas De Monte Alto;Municipio De Palmas De Monte Alto;Pregão - Eletrônico;1;;nao;13982590000147-1-000076/2026;https://pncp.gov.br/app/editais/13982590000147/2026/76;https://www.portaldecompraspublicas.com.br/processos/BA/Prefeitura-Municipal-de-Palmas-de-Monte-Alto-2976/RPE-018-2026-2026-476917
2026-05-04;AL;Penedo;Municipio De Penedo;Pregão - Eletrônico;1;32025,88;nao;12243697000100-1-000032/2026;https://pncp.gov.br/app/editais/12243697000100/2026/32;https://bnccompras.com/Process/ProcessView?param1=[gkz]oa3nlbNaY4XfXCvtaygoavV_h2efnC0TYQijqvgtTXmclBwtD_GR33df/bpRrlba9iCBQi7g0eEf/30pJxAygp_Uaxg7PzosSdfCXmqw2HE=
2026-04-30;MT;Campo Novo Do Parecis;Municipio De Campo Novo Do Parecis;Pregão - Eletrônico;5;35812,95;nao;24772287000136-1-000070/2026;https://pncp.gov.br/app/editais/24772287000136/2026/70;https://bllcompras.com/Process/ProcessView?param1=[gkz]5vZ95thIcBuSpQyiyLLCVA9lHebP_IMmxFpTmir54ZZLL35PQNJe2jRiwFoUXc0rFdjDDR4pvx1SB7PSwaDijwOWUqjzmWNVdKztAAMY3t0=
2026-04-30;RJ;Rio De Janeiro;Comando Da Marinha;Dispensa;1;5180,00;nao;00394502000144-1-003609/2026;https://pncp.gov.br/app/editais/00394502000144/2026/3609;
2026-04-30;RS;Nova Ramada;Municipio De Nova Ramada;Pregão - Eletrônico;2;269640,00;nao;01611828000149-1-000074/2026;https://pncp.gov.br/app/editais/01611828000149/2026/74;
2026-04-30;RS;Tapes;Municipio De Tapes;Pregão - Eletrônico;1;21561,45;nao;88811948000178-1-000104/2026;https://pncp.gov.br/app/editais/88811948000178/2026/104;https://www.portaldecompraspublicas.com.br/processos/RS/Prefeitura-Municipal-de-Tapes-57/RPE-9-2026-2026-476733
2026-04-30;PI;Joaquim Pires;Municipio De Joaquim Pires;Pregão - Eletrônico;1;;nao;06554208000139-1-000024/2026;https://pncp.gov.br/app/editais/06554208000139/2026/24;http://www.joaquimpirescontrata.com.br
2026-04-30;MS;Nioaque;Municipio De Nioaque;Dispensa;2;49932,90;nao;03073699000108-1-000019/2026;https://pncp.gov.br/app/editais/03073699000108/2026/19;
2026-04-29;RJ;Miguel Pereira;Municipio De Miguel Pereira;Pregão - Eletrônico;2;199479,98;nao;32415283000129-1-000042/2026;https://pncp.gov.br/app/editais/32415283000129/2026/42;
2026-04-29;GO;Vianópolis;Municipio De Vianopolis;Dispensa;1;870,00;nao;01299692000183-1-000139/2026;https://pncp.gov.br/app/editais/01299692000183/2026/139;
2026-04-29;CE;Ocara;Municipio De Ocara;Pregão - Eletrônico;1;173741,60;nao;12459616000104-1-000034/2026;https://pncp.gov.br/app/editais/12459616000104/2026/34;http://compras.m2atecnologia.com.br/processos/publicacao/fc934f18d75145beb042de0adebc19f2/registro-de-preco-para-aquisicao-de-materiais-perm
2026-04-29;MA;Estreito;Municipio De Estreito;Pregão - Eletrônico;1;66708,40;nao;07070873000110-1-000039/2026;https://pncp.gov.br/app/editais/07070873000110/2026/39;https://licitanet.com.br/sessao/183035
2026-04-29;RS;Nova Pádua;Municipio De Nova Padua;Dispensa;1;16061,68;nao;92871532000112-1-000146/2026;https://pncp.gov.br/app/editais/92871532000112/2026/146;
2026-04-29;MG;Araçuaí;Camara Municipal De Aracuai;Pregão - Eletrônico;1;54233,33;nao;26201996000197-1-000018/2026;https://pncp.gov.br/app/editais/26201996000197/2026/18;https://app2.licitardigital.com.br/pesquisa/99035
2026-04-29;MT;Cuiabá;Estado De Mato Grosso;Pregão - Eletrônico;1;32320,75;nao;03507415001205-1-000004/2026;https://pncp.gov.br/app/editais/03507415001205/2026/4;
2026-04-29;MG;Janaúba;Camara Municipal De Janauba;Pregão - Eletrônico;1;25396,50;nao;25204462000151-1-000015/2026;https://pncp.gov.br/app/editais/25204462000151/2026/15;https://www.portaldecompraspublicas.com.br/processos/MG/Camara-Municipal-de-Janauba-2881/PE-010-2026-2026-476150
2026-04-28;MG;Belo Horizonte;Policia Civil Do Estado De Minas Gerais;Pregão - Eletrônico;2;;nao;18715532000170-1-000030/2026;https://pncp.gov.br/app/editais/18715532000170/2026/30;https://www1.compras.mg.gov.br/n/procedimentolei14133/consulta/eletronico/visualizar/2026/88/1511189
2026-04-28;RJ;Rio De Janeiro;Comando Da Marinha;Dispensa;1;22398,00;nao;00394502000144-1-003467/2026;https://pncp.gov.br/app/editais/00394502000144/2026/3467;
2026-04-27;MG;Mariana;Instituto De Previdencia Dos Servidores Publicos De Mariana - Iprev Ma;Pregão - Eletrônico;1;13600,00;nao;30317936000101-1-000002/2026;https://pncp.gov.br/app/editais/30317936000101/2026/2;https://app2.licitardigital.com.br/pesquisa/97436
2026-04-27;PR;Rancho Alegre;Municipio De Rancho Alegre;Pregão - Eletrônico;1;88585,20;nao;75829416000116-1-000042/2026;https://pncp.gov.br/app/editais/75829416000116/2026/42;https://bnccompras.com/Process/ProcessView?param1=[gkz]JWhNJrROqLM1onUkoO0/QMXO4KeF6AQ_JXFZN1zYSfHEz1m/EyOgMvZ2q_SAlObyV3cFwBoFJLFFFJadHhx/U8Z/W_DUTetFiu2nxCAVovQ=
2026-04-27;MG;Ouro Fino;Departamento Municipal Autonomo De Agua E Esgoto;Pregão - Eletrônico;2;6727,06;nao;41779117000100-1-000019/2026;https://pncp.gov.br/app/editais/41779117000100/2026/19;https://dmaaeof.com/licitacoes/
2026-04-27;ES;Mimoso Do Sul;Municipio De Mimoso Do Sul;Pregão - Eletrônico;1;3488,33;nao;27174119000137-1-000044/2026;https://pncp.gov.br/app/editais/27174119000137/2026/44;https://www.portaldecompraspublicas.com.br/processos/ES/Prefeitura-Municipal-de-Mimoso-do-Sul-2486/PE-000001-2026-2026-475527
2026-04-24;BA;Riacho De Santana;Riacho De Santana Camara Municipal;Pregão - Eletrônico;1;15609,67;nao;42696252000147-1-000016/2026;https://pncp.gov.br/app/editais/42696252000147/2026/16;
2026-04-24;SP;São Paulo;Fund Pe Anchieta Centro Paulista Radio E Tv Educativas;Dispensa;1;2750,00;nao;61914891000186-1-000156/2026;https://pncp.gov.br/app/editais/61914891000186/2026/156;
2026-04-24;MT;Cuiabá;Empresa Mato-Grossense De Tecnologia Da Informação ;Pregão - Eletrônico;1;;nao;15011059000152-1-000006/2026;https://pncp.gov.br/app/editais/15011059000152/2026/6;
2026-04-23;MG;São Miguel Do Anta;Municipio De Sao Miguel Do Anta;Pregão - Eletrônico;1;;nao;18133926000110-1-000020/2026;https://pncp.gov.br/app/editais/18133926000110/2026/20;https://www.portaldecompraspublicas.com.br/processos/MG/Prefeitura-Municipal-de-Sao-Miguel-do-Anta-3482/RPE-010-2026-2026-474510
2026-04-23;MG;Itumirim;Municipio De Itumirim;Pregão - Eletrônico;1;;sim;18244392000108-1-000024/2026;https://pncp.gov.br/app/editais/18244392000108/2026/24;https://itumirim.licitapp.com.br//
2026-04-23;AL;Coqueiro Seco;Municipio De Coqueiro Seco;Pregão - Eletrônico;1;6165,34;nao;12200325000105-1-000006/2026;https://pncp.gov.br/app/editais/12200325000105/2026/6;https://bnccompras.com/Process/ProcessView?param1=[gkz]eXJTek58cVHNV6c7l4igtVEvHIToavk3M0OFiN6oGa/EupYNoCgm2O3OY341Deb4M7zc_XlmuxcLy16aeXHg4uH0UO/JZH3EMS/GOcgFaTY=
2026-04-23;AL;Barra De São Miguel;Municipio De Barra De Sao Miguel;Pregão - Eletrônico;1;17569,70;nao;12263869000108-1-000022/2026;https://pncp.gov.br/app/editais/12263869000108/2026/22;https://bnccompras.com/Process/ProcessView?param1=[gkz]T32TqQyaRONR9fuiBXA9jcXiL4AGJYjjHj1Ndek959LJ/8jzEDWgZLlwjYWijLFaQ2BEaYsYqCCT736r5_pHBPCH69NdIq1zS/tykyuOiNY=
2026-04-23;RO;Colorado Do Oeste;Municipio De Colorado Do Oeste;Pregão - Eletrônico;1;859,56;sim;04391512000187-1-000029/2026;https://pncp.gov.br/app/editais/04391512000187/2026/29;https://licitanet.com.br/sessao/182180
2026-04-22;MG;Chácara;Municipio De Chacara;Pregão - Eletrônico;1;2132,55;nao;18338137000116-1-000037/2026;https://pncp.gov.br/app/editais/18338137000116/2026/37;https://app2.ammlicita.org.br/pesquisa/98084
2026-04-19;PA;Floresta Do Araguaia;Municipio De Floresta Do Araguaia;Pregão - Eletrônico;1;11213,33;nao;01613338000181-1-000019/2026;https://pncp.gov.br/app/editais/01613338000181/2026/19;https://www.portaldecompraspublicas.com.br/processos/PA/Prefeitura-Municipal-de-Floresta-do-Araguaia-2079/RPE-00022026-SMS-2026-2026-473922
2026-04-17;RS;Alegrete;Comando Do Exercito;Dispensa;1;12926,57;nao;00394452000103-1-007948/2026;https://pncp.gov.br/app/editais/00394452000103/2026/7948;
2026-04-17;MT;Alto Taquari;Municipio De Alto Taquari;Pregão - Eletrônico;1;185900,00;nao;01362680000156-1-000046/2026;https://pncp.gov.br/app/editais/01362680000156/2026/46;https://licitanet.com.br/sessao/181742
2026-04-16;PE;Olinda;Municipio De Olinda;Dispensa;1;5725,00;nao;10404184000109-1-000303/2026;https://pncp.gov.br/app/editais/10404184000109/2026/303;
2026-04-16;MA;Itapecuru Mirim;Municipio De Itapecuru Mirim;Pregão - Eletrônico;1;15285,22;nao;05648696000180-1-000029/2026;https://pncp.gov.br/app/editais/05648696000180/2026/29;
2026-04-16;AC;Rio Branco;Estado Do Acre;Pregão - Eletrônico;1;25182,01;nao;63606479000124-1-001018/2025;https://pncp.gov.br/app/editais/63606479000124/2025/1018;http://www.gov.br/compras/pt-br/ e/ou  http://www.licitacao.ac.gov.br
2026-04-15;MG;Antônio Dias;Municipio De Antonio Dias;Pregão - Eletrônico;2;13097,99;nao;16796575000100-1-000020/2026;https://pncp.gov.br/app/editais/16796575000100/2026/20;https://app2.ammlicita.org.br/pesquisa/97480
2026-04-15;RJ;Nova Iguaçu;Municipio De Nova Iguacu;Pregão - Eletrônico;1;114720,00;nao;29138278000101-1-000040/2025;https://pncp.gov.br/app/editais/29138278000101/2025/40;https://pmnovaiguacu.geosiap.net.br/portal-transparencia/licitacoes/processo/5276
2026-04-15;PB;Nazarezinho;Municipio De Nazarezinho;Pregão - Eletrônico;1;37173,72;nao;08999708000100-1-000028/2026;https://pncp.gov.br/app/editais/08999708000100/2026/28;https://www.portaldecompraspublicas.com.br/processos/PB/Prefeitura-Municipal-de-Nazarezinho-2306/PE-00016-2026-2026-473065
2026-04-15;MS;Nioaque;Municipio De Nioaque;Pregão - Eletrônico;1;29990,00;nao;03073699000108-1-000018/2026;https://pncp.gov.br/app/editais/03073699000108/2026/18;https://comprasbr.com.br/pregao-eletronico-detalhe/?idlicitacao=44584
2026-04-15;BA;Salvador;Conselho Regional De Administracao;Dispensa;1;45867,50;nao;14998009000148-1-000011/2026;https://pncp.gov.br/app/editais/14998009000148/2026/11;
2026-04-15;MG;Lajinha;Municipio De Lajinha;Pregão - Eletrônico;2;23808,43;nao;18392522000141-1-000029/2026;https://pncp.gov.br/app/editais/18392522000141/2026/29;
2026-04-15;SP;São José Do Rio Preto;Servico Municipal Autonomo De Agua E Esgoto;Pregão - Eletrônico;1;15590,00;nao;04691691000178-1-000101/2026;https://pncp.gov.br/app/editais/04691691000178/2026/101;https://compras.empro.com.br/
2026-04-14;RJ;Rio De Janeiro;Fiotec - Fundacao Para O Desenvolvimento Cientifico E Tecnologico Em S;Dispensa;1;;nao;02385669000174-1-000412/2026;https://pncp.gov.br/app/editais/02385669000174/2026/412;https://bllcompras.com/Process/ProcessView?param1=[gkz]0roSLVYjhItpxlTXmKwkIlT5qdBkeLb0EyyGSCU5EKLuYb0b53fDvKf8h1yUy4hyXy/pQADOVZ4h2aMwfvY07LY8oeyYfB0o1pXSRzvyH4g=
2026-04-14;RN;Jundiá;Municipio De Jundia;Pregão - Eletrônico;1;38759,00;nao;04214217000155-1-000026/2026;https://pncp.gov.br/app/editais/04214217000155/2026/26;https://www.portaldecompraspublicas.com.br/processos/RN/Prefeitura-Municipal-de-Jundia-1314/RPE-006-2026-2026-472045
2026-04-14;PB;Alagoa Grande;Municipio De Alagoa Grande;Pregão - Eletrônico;1;169900,05;nao;08753204000105-1-000020/2026;https://pncp.gov.br/app/editais/08753204000105/2026/20;https://www.portaldecompraspublicas.com.br/processos/PB/Prefeitura-Municipal-de-Alagoa-Grande-4972/RPE-14-2026-2026-472380
2026-04-14;CE;Eusébio;Municipio De Eusebio;Pregão - Eletrônico;1;4545,36;nao;23563067000130-1-000031/2026;https://pncp.gov.br/app/editais/23563067000130/2026/31;https://bllcompras.com/Process/ProcessView?param1=[gkz]Lty91WYHBaWw/Yy0v5l2wfTIwpog3uha67IrpXYtBQFsLvTMMlNwzU0G/gQ21eljotPPgSCisVhtFH/uJjLsBrZmZdHBwOr4lZRrG3VQqhA=
2026-04-14;RN;Jundiá;Municipio De Jundia;Pregão - Eletrônico;1;38759,00;nao;04214217000155-1-000027/2026;https://pncp.gov.br/app/editais/04214217000155/2026/27;
2026-04-14;GO;Goianésia;Fundo Especial De Reequipamento Do Corpo De Bombeiros Militar;Dispensa;1;512,00;nao;05989335000106-1-000009/2026;https://pncp.gov.br/app/editais/05989335000106/2026/9;
2026-04-13;PR;Goioerê;Municipio De Goioere;Dispensa;1;2619,00;nao;78198975000163-1-000073/2026;https://pncp.gov.br/app/editais/78198975000163/2026/73;
2026-04-10;RJ;Rio De Janeiro;Estado Do Rio De Janeiro;Pregão - Eletrônico;1;;nao;42498600000171-1-001655/2026;https://pncp.gov.br/app/editais/42498600000171/2026/1655;https://www.compras.rj.gov.br/EditaisLicitacoes/detalhar.action?idLic=36490
2026-04-10;RS;Pinhal Da Serra;Municipio De Pinhal Da Serra;Pregão - Eletrônico;1;11261,22;nao;04213870000108-1-000019/2026;https://pncp.gov.br/app/editais/04213870000108/2026/19;https://www.portaldecompraspublicas.com.br/processos/RS/Prefeitura-Municipal-de-Pinhal-da-Serra-3217/RPE-15-2026-2026-471771
2026-04-10;CE;Fortaleza;Comando Do Exercito;Dispensa;1;10519,13;nao;00394452000103-1-007425/2026;https://pncp.gov.br/app/editais/00394452000103/2026/7425;
2026-04-10;MA;Alto Alegre Do Maranhão;Municipio De Alto Alegre Do Maranhao - Camara Municipal;Dispensa;1;17,50;nao;02232044000172-1-000010/2026;https://pncp.gov.br/app/editais/02232044000172/2026/10;https://licitanet.com.br/sessao/180634
2026-04-10;MG;Três Corações;Camara Municipal De Tres Coracoes;Pregão - Eletrônico;1;99000,00;nao;25641200000154-1-000039/2026;https://pncp.gov.br/app/editais/25641200000154/2026/39;
2026-04-10;MG;Jequitibá;Municipio De Jequitiba;Pregão - Eletrônico;1;12076,60;nao;18062208000109-1-000011/2026;https://pncp.gov.br/app/editais/18062208000109/2026/11;https://app2.licitardigital.com.br/pesquisa/97179
2026-04-10;PE;Cabo De Santo Agostinho;Municipio Do Cabo De Santo Agostinho;Pregão - Eletrônico;1;708300,00;nao;11294402000162-1-000054/2026;https://pncp.gov.br/app/editais/11294402000162/2026/54;https://bnccompras.com/Process/ProcessView?param1=[gkz]N6JAH5pgaCBEKWLvIyedILgBhS1ba0NH7VaThnX4prjmDjUw33vtW8KwWpz4BD4DYB2XV4FwL_p1VclgZTiFkgCG2S/bSXb1ILEcAklkXhg=
2026-04-09;RO;Ariquemes;Municipio De Ariquemes;Dispensa;1;1317,35;nao;04104816000116-1-000077/2026;https://pncp.gov.br/app/editais/04104816000116/2026/77;
2026-04-09;RJ;Rio De Janeiro;Universidade Federal Do Rio De Janeiro;Dispensa;1;8700,00;nao;33663683000116-1-000049/2026;https://pncp.gov.br/app/editais/33663683000116/2026/49;
2026-04-09;MT;São José Dos Quatro Marcos;Municipio De Sao Jose Dos Quatro Marcos;Pregão - Eletrônico;1;575000,00;nao;15024029000180-1-000033/2026;https://pncp.gov.br/app/editais/15024029000180/2026/33;https://licitanet.com.br/sessao/180552
2026-04-09;SP;Araras;Municipio De Araras;Dispensa;1;6480,00;nao;44215846000114-1-000072/2026;https://pncp.gov.br/app/editais/44215846000114/2026/72;
2026-04-09;RS;Balneário Pinhal;Municipio De Balneario Pinhal;Pregão - Eletrônico;1;52100,00;nao;01611339000197-1-000072/2026;https://pncp.gov.br/app/editais/01611339000197/2026/72;https://www.portaldecompraspublicas.com.br/processos/RS/Prefeitura-Municipal-de-Balneario-Pinhal-5267/PE-9-2026-2026-471182
2026-04-09;RJ;Nilópolis;Municipio De Nilopolis;Dispensa;1;44639,17;nao;29138286000158-1-000112/2025;https://pncp.gov.br/app/editais/29138286000158/2025/112;http://www.portaldecomprasnilopolis.com.br
2026-04-08;MG;Santana Da Vargem;Municipio De Santana Da Vargem;Pregão - Eletrônico;1;47212,50;nao;18245183000170-1-000051/2026;https://pncp.gov.br/app/editais/18245183000170/2026/51;https://www.portaldecompraspublicas.com.br/processos/MG/Prefeitura-Municipal-de-Santana-da-Vargem-3366/RPE-4-2026-2026-459382
2026-04-07;MG;Formiga;Camara Municipal De Formiga;Dispensa;1;105,02;nao;20914305000116-1-000021/2026;https://pncp.gov.br/app/editais/20914305000116/2026/21;
2026-04-07;SP;Parisi;Municipio De Parisi;Pregão - Eletrônico;1;105500,00;nao;59858134000190-1-000008/2026;https://pncp.gov.br/app/editais/59858134000190/2026/8;http://177.39.83.130:8079/comprasedital/
2026-04-06;BA;Cipó;Municipio De Cipo;Pregão - Eletrônico;1;54824,58;nao;13808936000195-1-000032/2026;https://pncp.gov.br/app/editais/13808936000195/2026/32;https://www.portaldecompraspublicas.com.br/processos/BA/Prefeitura-Muncipal-de-Cipo-1105/RPE-020-2026-2026-469001
2026-04-06;MG;Joaíma;Municipio De Joaima;Pregão - Eletrônico;1;2716,16;nao;18495812000110-1-000013/2026;https://pncp.gov.br/app/editais/18495812000110/2026/13;https://bllcompras.com/Process/ProcessView?param1=[gkz]mxBgQRtuY5xs5HcGMdpnM6aS64mk3AcK70rVnlVs2ksV_UGbDgtHrEwpREMo7AUn7lZ0AKC/PVPHdQDzbs4//GjeBiwnL4VcV40hp8yyMNs=
2026-04-02;RN;Tangará;Municipio De Tangara;Pregão - Eletrônico;1;15509,80;nao;08159089000145-1-000029/2026;https://pncp.gov.br/app/editais/08159089000145/2026/29;
2026-04-01;RS;Vista Alegre;Municipio De Vista Alegre;Pregão - Eletrônico;3;6751,12;nao;92403583000110-1-000002/2026;https://pncp.gov.br/app/editais/92403583000110/2026/2;https://www.portaldecompraspublicas.com.br/processos/RS/Prefeitura-Municipal-de-Vista-Alegre-1542/RPE-2-2026-2026-469288
2026-04-01;RO;Porto Velho;Instituto De Pesos E Medidas Do Estado De Rondonia;Dispensa;4;670,00;nao;34481028000100-1-000009/2025;https://pncp.gov.br/app/editais/34481028000100/2025/9;
2026-04-01;BA;Arataca;Municipio De Arataca;Dispensa;2;;nao;13658158000103-1-000036/2026;https://pncp.gov.br/app/editais/13658158000103/2026/36;
2026-04-01;RS;Quevedos;Municipio De Quevedos;Pregão - Eletrônico;1;2638,25;nao;94444122000110-1-000020/2026;https://pncp.gov.br/app/editais/94444122000110/2026/20;https://www.portaldecompraspublicas.com.br/processos/RS/Prefeitura-Municipal-de-Quevedos-5081/PE-19-2026-2026-469010
2026-03-30;PE;Recife;Secretaria Da Fazenda;Pregão - Eletrônico;2;15368426,63;sim;10572014001024-1-000004/2026;https://pncp.gov.br/app/editais/10572014001024/2026/4;
2026-03-30;AM;Manaus;Manaus Previdencia - Manausprev;Pregão - Eletrônico;1;;nao;07637990000112-1-000008/2026;https://pncp.gov.br/app/editais/07637990000112/2026/8;https://compras.manaus.am.gov.br/publico/item_em_andamento.asp?id=141833
2026-03-30;MG;Conselheiro Lafaiete;Consorcio Publico Para Desenvolvimento Do Alto Paraopeba;Pregão - Eletrônico;2;795723,81;nao;08753385000170-1-000006/2026;https://pncp.gov.br/app/editais/08753385000170/2026/6;
2026-03-30;GO;Jataí;Municipio De Jatai;Pregão - Eletrônico;1;3060,00;nao;01165729000180-1-000116/2026;https://pncp.gov.br/app/editais/01165729000180/2026/116;https://www.portaldecompraspublicas.com.br/processos/GO/Prefeitura-Municipal-de-Jatai-1755/PE-0003-2026-2026-468813
2026-03-30;CE;Independência;Municipio De Independencia;Pregão - Eletrônico;1;171700,02;nao;07982028000110-1-000010/2026;https://pncp.gov.br/app/editais/07982028000110/2026/10;http://compras.m2atecnologia.com.br/processos/publicacao/c2b40f10ef7a4080ad8e3494a9a8657b/registro-de-precos-para-futura-e-eventual-aquisica
2026-03-30;RS;São Leopoldo;Servico Municipal De Agua E Esgotos-Semae;Dispensa;1;3400,40;nao;88368386000130-1-000062/2026;https://pncp.gov.br/app/editais/88368386000130/2026/62;
2026-03-27;MG;João Monlevade;Consorcio Publico De Gestao De Residuos Solidos - Cpgrs;Pregão - Eletrônico;1;47985,00;nao;07712645000104-1-000011/2026;https://pncp.gov.br/app/editais/07712645000104/2026/11;https://app2.licitardigital.com.br/pesquisa/95661
2026-03-27;MG;Santana Da Vargem;Municipio De Santana Da Vargem;Pregão - Eletrônico;1;47212,50;nao;18245183000170-1-000042/2026;https://pncp.gov.br/app/editais/18245183000170/2026/42;https://www.portaldecompraspublicas.com.br/processos/MG/Prefeitura-Municipal-de-Santana-da-Vargem-3366/RPE-4-2026-2026-459382
2026-03-27;MG;Monsenhor Paulo;Municipio De Monsenhor Paulo;Pregão - Eletrônico;1;1388,54;nao;22541874000199-1-000028/2026;https://pncp.gov.br/app/editais/22541874000199/2026/28;https://monsenhorpaulo.mg.gov.br/site/licitacao-2025/
2026-03-27;GO;Guapó;Municipio De Guapo;Dispensa;1;20081,17;nao;01373497000156-1-000098/2026;https://pncp.gov.br/app/editais/01373497000156/2026/98;
2026-03-27;AC;Rio Branco;Estado Do Acre;Dispensa;1;;nao;63606479000124-1-000126/2026;https://pncp.gov.br/app/editais/63606479000124/2026/126;
2026-03-27;PE;Caruaru;Secretaria De Saude;Dispensa;1;2010,53;nao;10572048000128-1-000311/2026;https://pncp.gov.br/app/editais/10572048000128/2026/311;
2026-03-26;RJ;Rio De Janeiro;Fiotec - Fundacao Para O Desenvolvimento Cientifico E Tecnologico Em S;Dispensa;1;;nao;02385669000174-1-000329/2026;https://pncp.gov.br/app/editais/02385669000174/2026/329;https://bllcompras.com/Process/ProcessView?param1=[gkz]QBRwrOEx0ufEWdDPqI_PGiHPx6H2Q6F1wPCKawfNuY8fe5wfEqF5j8siRElRjA7TPkQCkZPrh1GJamXQXe6b4hjmYF_A12prdvNVhTkdFZY=
2026-03-26;RN;Tangará;Municipio De Tangara;Pregão - Eletrônico;1;15509,80;nao;08159089000145-1-000024/2026;https://pncp.gov.br/app/editais/08159089000145/2026/24;https://www.portaldecompraspublicas.com.br/processos/RN/Prefeitura-Municipal-de-Tangara-910/RPE-10-2026-2026-467882
2026-03-25;SP;Mogi Das Cruzes;Servico Municipal De Aguas E Esgotos;Pregão - Eletrônico;1;480546,10;sim;52561214000130-1-000040/2026;https://pncp.gov.br/app/editais/52561214000130/2026/40;
2026-03-25;MG;Joaíma;Municipio De Joaima;Pregão - Eletrônico;1;2716,16;nao;18495812000110-1-000011/2026;https://pncp.gov.br/app/editais/18495812000110/2026/11;https://bllcompras.com/Process/ProcessView?param1=[gkz]uzEEZnm37KSEU/wn3dYBYWXCnqesSlEMxa0T0v49ZSQ7fC4sblgpm3RXaL4FhWLshWRhlsHbABXwAWaweUUUmkNo1mu615_JL3es3fx4LfI=
2026-03-25;AL;Satuba;Municipio De Satuba;Pregão - Eletrônico;1;194152,24;nao;12200333000143-1-000013/2026;https://pncp.gov.br/app/editais/12200333000143/2026/13;https://bnccompras.com/Process/ProcessView?param1=[gkz]T4VS9BniNnwljGmkNysBNUkE6gVYEwS0P4eF/XjJOfEvKZcHDzqwO4aIIOkJZrxrnAg/vMKKybvemfOYEaMQnIKuy54TlicVLt78E1z5G2Y=
2026-03-25;BA;Jaguarari;Municipio De Jaguarari;Pregão - Eletrônico;1;84933,36;nao;13988316000185-1-000017/2026;https://pncp.gov.br/app/editais/13988316000185/2026/17;
2026-03-24;SP;Mogi Das Cruzes;Servico Municipal De Aguas E Esgotos;Pregão - Eletrônico;1;480546,10;nao;52561214000130-1-000326/2025;https://pncp.gov.br/app/editais/52561214000130/2025/326;
2026-03-24;AM;Coari;Municipio De Coari;Pregão - Eletrônico;1;;nao;04262432000121-1-000029/2026;https://pncp.gov.br/app/editais/04262432000121/2026/29;http://www.licitacoari.com.br
2026-03-24;MG;Senhora Do Porto;Municipio De Senhora Do Porto;Pregão - Eletrônico;2;12849,50;nao;18307504000114-1-000106/2025;https://pncp.gov.br/app/editais/18307504000114/2025/106;
2026-03-24;GO;Aloândia;Fundo Municipal De Saude - Fms;Pregão - Eletrônico;1;41548,00;nao;11232665000147-1-000098/2026;https://pncp.gov.br/app/editais/11232665000147/2026/98;
2026-03-24;RO;Mirante Da Serra;Municipio De Mirante Da Serra;Pregão - Eletrônico;1;435,82;nao;63787071000104-1-000037/2026;https://pncp.gov.br/app/editais/63787071000104/2026/37;https://licitanet.com.br/sessao/178313
2026-03-24;RS;Alto Alegre;Municipio De Alto Alegre;Dispensa;1;22080,00;nao;92406057000103-1-000017/2026;https://pncp.gov.br/app/editais/92406057000103/2026/17;
2026-03-24;SP;São José Dos Campos;Fundacao Cultural Cassiano Ricardo;Dispensa;1;;nao;45395704000149-1-000167/2026;https://pncp.gov.br/app/editais/45395704000149/2026/167;
2026-03-24;ES;Domingos Martins;Municipio De Domingos Martins;Pregão - Eletrônico;1;;nao;27150556000110-1-000078/2026;https://pncp.gov.br/app/editais/27150556000110/2026/78;https://www.portaldecompraspublicas.com.br/processos/ES/Prefeitura-Municipal-de-Domingos-Martins-3579/RPE-4-2026-2026-463332
2026-03-24;AC;Senador Guiomard;Municipio De Senador Guiomard;Pregão - Eletrônico;1;2720,00;nao;04077251000125-1-000008/2026;https://pncp.gov.br/app/editais/04077251000125/2026/8;https://licitanet.com.br/sessao/178265
2026-03-23;RJ;Niterói;Municipio De Niteroi;Dispensa;1;55601,80;nao;28521748000159-1-000059/2026;https://pncp.gov.br/app/editais/28521748000159/2026/59;
2026-03-23;MG;Onça De Pitangui;Municipio De Onca De Pitangui;Pregão - Eletrônico;1;11699,99;nao;18313858000171-1-000002/2026;https://pncp.gov.br/app/editais/18313858000171/2026/2;https://app2.licitardigital.com.br/pesquisa/95154
2026-03-23;MT;Nova Santa Helena;Municipio De Nova Santa Helena;Pregão - Eletrônico;2;9318,18;nao;04214704000118-1-000035/2025;https://pncp.gov.br/app/editais/04214704000118/2025/35;https://transparencia.agilicloud.com.br/prefnovasantahelenamt/licitacoes/licitacao?id=1650
2026-03-23;MT;Nova Santa Helena;Municipio De Nova Santa Helena;Pregão - Eletrônico;1;19500,00;nao;04214704000118-1-000049/2025;https://pncp.gov.br/app/editais/04214704000118/2025/49;https://transparencia.agilicloud.com.br/prefnovasantahelenamt/licitacoes/licitacao?id=1677
2026-03-21;AP;Santana;Municipio De Santana;Dispensa;1;21193,98;nao;23066640000108-1-000010/2026;https://pncp.gov.br/app/editais/23066640000108/2026/10;
2026-03-20;MG;Brasília De Minas;Instituto De Previdencia Dos Servidores Publicos Do Municipio De Brasi;Pregão - Eletrônico;1;10549,33;nao;06182852000123-1-000006/2026;https://pncp.gov.br/app/editais/06182852000123/2026/6;
2026-03-19;AM;Itacoatiara;Municipio De Itacoatiara;Pregão - Eletrônico;6;;sim;04241980000175-1-000020/2026;https://pncp.gov.br/app/editais/04241980000175/2026/20;https://licitanet.com.br/sessao/177578
2026-03-19;PI;Teresina;Estado Do Piaui;Pregão - Eletrônico;1;;sim;06553481000149-1-000036/2026;https://pncp.gov.br/app/editais/06553481000149/2026/36;https://licitacoes-e2.bb.com.br/aop-inter-estatico/visualizar-processo-publico/1089896
2026-03-18;PR;Palmas;Municipio De Palmas;Pregão - Eletrônico;2;57907,27;sim;76161181000108-1-000049/2026;https://pncp.gov.br/app/editais/76161181000108/2026/49;https://bnccompras.com/Process/ProcessView?param1=[gkz]NubUYvJRPRBlgYxINEs9_SxMdLS7bUztVda7hfC3Rers94oHpblhFWtG3_8l3XZQCEXiIc9usCh1uLEeNTlYdnE898mB2iUDIg7DWqWuz/E=
2026-03-18;MG;Soledade De Minas;Municipio De Soledade De Minas;Pregão - Eletrônico;1;4360,92;nao;18188235000114-1-000032/2026;https://pncp.gov.br/app/editais/18188235000114/2026/32;https://app2.licitardigital.com.br/pesquisa/94593
2026-03-18;PR;Palmas;Municipio De Palmas;Pregão - Eletrônico;2;57907,27;sim;76161181000108-1-000050/2026;https://pncp.gov.br/app/editais/76161181000108/2026/50;https://bnccompras.com/Process/ProcessView?param1=[gkz]9snxzNP32tXzsJ10yYLi_CjF7GXUrMWBliEU4Xz8_mkw27gfv3X2ILIpxXXsGGlAu7Ti4VTLvs7Xgc9dZcdAlxzTVwMebB7IYb3F/cLWU24=
2026-03-18;MT;Nova Ubiratã;Municipio De Nova Ubirata;Pregão - Eletrônico;1;46050,00;nao;01614521000100-1-000023/2026;https://pncp.gov.br/app/editais/01614521000100/2026/23;https://transparencia.agilicloud.com.br/novaubirata/licitacoes/licitacao?id=13584
2026-03-18;RJ;Rio De Janeiro;Fiotec - Fundacao Para O Desenvolvimento Cientifico E Tecnologico Em S;Dispensa;1;;nao;02385669000174-1-000302/2026;https://pncp.gov.br/app/editais/02385669000174/2026/302;https://bllcompras.com/Process/ProcessView?param1=[gkz]9_u6rG5QtqMpiuynuUVqInkvHlg8caXKineIKoNPp_HR469E6CGrHPf_xCRfGAFyr9xl/TjD0X6vI8Eogqg4YiXiduI1WE/YO0Ffh5J3REw=
2026-03-17;PA;Itaituba;Camara Municipal De Itaituba;Pregão - Eletrônico;1;5606,40;nao;10221281000166-1-000013/2026;https://pncp.gov.br/app/editais/10221281000166/2026/13;https://bnccompras.com/Process/ProcessView?param1=[gkz]s3uA1_TjNTKYhn7n7_gO1YsKQUYqT9etmjUG77EGwwAP5zmgvJdDGl6IAZYMFhQzRwkPbe0HZUjNdw8ZOOrKPWVBRmPnJq6R20Bueo/cDuI=
2026-03-17;BA;Una;Municipio De Una;Pregão - Eletrônico;1;8007,00;nao;13672605000170-1-000027/2026;https://pncp.gov.br/app/editais/13672605000170/2026/27;
2026-03-17;MG;Lagoa Grande;Municipio De Lagoa Grande;Pregão - Eletrônico;1;19511,40;nao;23097454000128-1-000015/2026;https://pncp.gov.br/app/editais/23097454000128/2026/15;https://app2.ammlicita.org.br/pesquisa/94392
2026-03-16;GO;Aloândia;Fundo Municipal De Saude - Fms;Pregão - Eletrônico;1;41548,00;nao;11232665000147-1-000089/2026;https://pncp.gov.br/app/editais/11232665000147/2026/89;
2026-03-16;MG;Brasília De Minas;Instituto De Previdencia Dos Servidores Publicos Do Municipio De Brasi;Pregão - Eletrônico;1;10549,33;nao;06182852000123-1-000005/2026;https://pncp.gov.br/app/editais/06182852000123/2026/5;https://portaldecompraspublicas.com.br/processos/MG/Instituto-de-Previdencia-dos-Servidores-Publicos-do-Municipio-de-Brasilia-de-Minas-3436/RPE-04-2026-2026-464709
2026-03-16;AL;Santana Do Mundaú;Municipio De Santana Do Mundau;Pregão - Eletrônico;1;35080,00;nao;12332979000184-1-000004/2026;https://pncp.gov.br/app/editais/12332979000184/2026/4;https://bnccompras.com/Process/ProcessView?param1=[gkz]0_hRUkG6d1YHvt15vzyh3Av0zsa2SozaYMTme4LyTeo3K2BsbUro_tfp2fG4_d_HIeTRTmqxR1O_VCr1JeLW0ID5iP3U/FHo22aEVkHm3uQ=
2026-03-16;PR;Pato Branco;Municipio De Pato Branco;Pregão - Eletrônico;2;467114,64;nao;76995448000154-1-000035/2026;https://pncp.gov.br/app/editais/76995448000154/2026/35;
2026-03-16;MA;Viana;Municipio De Viana;Pregão - Eletrônico;1;;sim;06439988000176-1-000017/2026;https://pncp.gov.br/app/editais/06439988000176/2026/17;https://licitanet.com.br/sessao/WkpxbG5aQ24=
2026-03-13;MG;Madre De Deus De Minas;Municipio De Madre De Deus De Minas;Pregão - Eletrônico;1;;nao;18029371000161-1-000021/2026;https://pncp.gov.br/app/editais/18029371000161/2026/21;
2026-03-13;RJ;Rio De Janeiro;Municipio De Rio De Janeiro;Dispensa;1;9456,46;nao;42498733000148-1-000392/2026;https://pncp.gov.br/app/editais/42498733000148/2026/392;
2026-03-12;BA;Salvador;Policia Militar Da Bahia;Dispensa;1;64000,00;nao;33457634000127-1-000167/2026;https://pncp.gov.br/app/editais/33457634000127/2026/167;
2026-03-12;PE;Gravatá;Gravata Camara Municipal De Vereadores;Pregão - Eletrônico;1;5622,37;nao;08140071000100-1-000001/2026;https://pncp.gov.br/app/editais/08140071000100/2026/1;https://bnccompras.com/Process/ProcessView?param1=[gkz]eVBRjKibMazoygxPFMdgKZX9iEh3P0kFzy5g50OuY7WBI1FCNF9Riaq51d4Emi963tKEamd0K3a853MdPWvORsHH0WZzb75s8z0pejEi_d4=
2026-03-12;RN;Currais Novos;Municipio De Currais Novos;Dispensa;1;86998,00;nao;08109126000100-1-000074/2026;https://pncp.gov.br/app/editais/08109126000100/2026/74;
2026-03-12;RJ;Niterói;Comando Da Marinha;Dispensa;1;55990,00;nao;00394502000144-1-001395/2026;https://pncp.gov.br/app/editais/00394502000144/2026/1395;
2026-03-12;MG;Monsenhor Paulo;Municipio De Monsenhor Paulo;Pregão - Eletrônico;1;3906,67;nao;22541874000199-1-000020/2026;https://pncp.gov.br/app/editais/22541874000199/2026/20;https://monsenhorpaulo.mg.gov.br/site/licitacao-2025/
2026-03-11;PR;Palmas;Municipio De Palmas;Pregão - Eletrônico;2;57907,27;sim;76161181000108-1-000041/2026;https://pncp.gov.br/app/editais/76161181000108/2026/41;https://bnccompras.com/Process/ProcessView?param1=[gkz]694znXHL3FDYUIlc9ocUyiPJThDl7HgwW7iZwzZaFsU2uOfi05Wy9QYfM1rwBbOalNnVd3XRylf8sE/ew/mCwMK3L3D8GuhRPgglEk52LxI=
2026-03-11;ES;Domingos Martins;Municipio De Domingos Martins;Pregão - Eletrônico;1;;sim;27150556000110-1-000068/2026;https://pncp.gov.br/app/editais/27150556000110/2026/68;https://portaldecompraspublicas.com.br/processos/ES/Prefeitura-Municipal-de-Domingos-Martins-3579/RPE-4-2026-2026-463332
2026-03-11;SP;Ubatuba;Instituto De Previdencia Municipal De Ubatuba - Ipmu;Pregão - Eletrônico;1;15900,48;nao;04921738000142-1-000059/2025;https://pncp.gov.br/app/editais/04921738000142/2025/59;https://bllcompras.com/Process/ProcessView?param1=[gkz]iUjuVI2aC8zb3oAnSDqZRbVnLUkQSmlYxLoj98y3OjUn_0hDuZWpMSo2Xu_AAfWzKnybNDAQZflki2W_NtYca7vFTiv6bMPNwEo25hdJCP8=
2026-03-10;PR;Cascavel;Municipio De Cascavel;Pregão - Eletrônico;3;111390,50;nao;76208867000107-1-000049/2026;https://pncp.gov.br/app/editais/76208867000107/2026/49;
2026-03-10;MT;Campo Novo Do Parecis;Municipio De Campo Novo Do Parecis;Pregão - Eletrônico;5;37505,32;nao;24772287000136-1-000207/2025;https://pncp.gov.br/app/editais/24772287000136/2025/207;https://bllcompras.com/Process/ProcessView?param1=[gkz]uprHW6tRfRYxH/IWXAVlVguC3IN8e6ZaJDE8cYk6zxvj3woDVVdpHCKD0H//I0VRflvnhjy9W0VBbcJajBCukwz/Dkk_zMiexivTGBaSNUQ=
2026-03-10;SP;Ubatuba;Instituto De Previdencia Municipal De Ubatuba - Ipmu;Pregão - Eletrônico;1;15900,48;nao;04921738000142-1-000058/2025;https://pncp.gov.br/app/editais/04921738000142/2025/58;https://bllcompras.com/Process/ProcessView?param1=[gkz]SmxNloI0gX7GitcdEN0j/NN_CalauXpuhCr_9g7uv2zk43XUgIp58PiDNLM9O4hWhaOnfQyDEBX76z_LZAjir4bMFdye8FnUAvFIGAR3qbA=
2026-03-10;MG;Antônio Carlos;Fundo Municipal De Saude;Pregão - Eletrônico;1;11537,46;nao;10546524000136-1-000008/2026;https://pncp.gov.br/app/editais/10546524000136/2026/8;
2026-03-10;GO;Formosa;Municipio De Formosa;Pregão - Eletrônico;1;3087,36;nao;01738780000134-1-000132/2025;https://pncp.gov.br/app/editais/01738780000134/2025/132;
2026-03-10;PE;Condado;Fundo Municipal De Saude;Pregão - Eletrônico;1;13690,00;nao;11366609000103-1-000003/2026;https://pncp.gov.br/app/editais/11366609000103/2026/3;https://bnccompras.com/Process/ProcessView?param1=[gkz]uQ7MmZtaSFEJtAKyAOg4mo/uxFsUbvOmEK9ksxk29qsXEu7Q/l5Z2kUF26xAgvBcATNxr/d9KDyrH494GDoZqC6jyHHahc59uDST6vBD4/0=
2026-03-10;BA;Feira De Santana;Fundacao Hospitalar De Feira De Santana;Dispensa;1;11400,00;nao;40637159000136-1-000024/2026;https://pncp.gov.br/app/editais/40637159000136/2026/24;
2026-03-09;RS;Presidente Lucena;Municipio De Presidente Lucena;Pregão - Eletrônico;1;21066,78;nao;94707494000192-1-000134/2026;https://pncp.gov.br/app/editais/94707494000192/2026/134;
2026-03-09;MG;Santana Da Vargem;Municipio De Santana Da Vargem;Pregão - Eletrônico;1;47212,50;nao;18245183000170-1-000018/2026;https://pncp.gov.br/app/editais/18245183000170/2026/18;https://portaldecompraspublicas.com.br/processos/MG/Prefeitura-Municipal-de-Santana-da-Vargem-3366/RPE-4-2026-2026-459382
2026-03-09;BA;Teixeira De Freitas;Municipio De Teixeira De Freitas;Pregão - Eletrônico;2;;sim;13650403000128-1-000098/2026;https://pncp.gov.br/app/editais/13650403000128/2026/98;https://bllcompras.com/Process/ProcessView?param1=[gkz]GBDBXLQNz80UvLE5k_maTGhfcswXUX4vKoltglZPWqZgn727Eo3ch_5bNBvVthk/nG_5Kwq1VEij/ypi9VnQv9zxhIPanf_3R6d_DKLUwrk=
2026-03-09;SP;Cássia Dos Coqueiros;Municipio De Cassia Dos Coqueiros;Pregão - Eletrônico;2;5949,95;nao;44229805000187-1-000003/2026;https://pncp.gov.br/app/editais/44229805000187/2026/3;https://bllcompras.com/Process/ProcessView?param1=[gkz]YxYWQZ1kwcnf/_BUrimzpbiCmVxmPbTAdeypJuMCx2Wh_8EZGM8sgsCvvsumaMTLTygurozIZTlkyi/DV/nk1oNtOQsLsDKAl2I1_Y4RScw=
2026-03-06;MT;Novo Horizonte Do Norte;Municipio De Novo Horizonte Do Norte;Pregão - Eletrônico;1;1546,82;nao;03238888000193-1-000003/2026;https://pncp.gov.br/app/editais/03238888000193/2026/3;https://portaldecompraspublicas.com.br/processos/MT/Prefeitura-Municipal-de-Novo-Horizonte-do-Norte-827/RPE-002-2026-2026-461986
2026-03-06;AL;Penedo;Municipio De Penedo;Pregão - Eletrônico;1;32025,88;nao;12243697000100-1-000021/2026;https://pncp.gov.br/app/editais/12243697000100/2026/21;https://bnccompras.com/Process/ProcessView?param1=[gkz]gMM3ft1dZ62xf5lrcuzPQBAETvNgLUp67_aNLA8dFW53uf9VuECzyjY6FhfnXleP0fW93r4X57e_9fJYiFj5SDZEC/HZbn9iVbukfUvjYTc=
2026-03-06;PR;Umuarama;Consorcio Intermunicipal Da Rede De Urgencias E Emergencias Do Noroest;Pregão - Eletrônico;1;38500,00;nao;15718459000100-1-000017/2026;https://pncp.gov.br/app/editais/15718459000100/2026/17;
2026-03-05;RJ;Mangaratiba;Municipio De Mangaratiba;Dispensa;1;27642,72;nao;29138310000159-1-000031/2026;https://pncp.gov.br/app/editais/29138310000159/2026/31;https://pmmangaratiba.geosiap.net.br/portal-transparencia/licitacoes/processo/627
2026-03-05;PB;Arara;Municipio De Arara;Dispensa;1;39966,63;nao;08778755000123-1-000020/2026;https://pncp.gov.br/app/editais/08778755000123/2026/20;
2026-03-05;MG;Passos;Camara Municipal De Passos;Pregão - Eletrônico;1;;nao;64480643000162-1-000001/2026;https://pncp.gov.br/app/editais/64480643000162/2026/1;https://app2.ammlicita.org.br/pesquisa/93140
2026-03-05;MG;Passos;Camara Municipal De Passos;Pregão - Eletrônico;1;;nao;64480643000162-1-000003/2026;https://pncp.gov.br/app/editais/64480643000162/2026/3;
2026-03-05;MG;Guanhães;Municipio De Guanhaes;Pregão - Eletrônico;1;;sim;18307439000127-1-000016/2026;https://pncp.gov.br/app/editais/18307439000127/2026/16;https://app2.licitardigital.com.br/pesquisa/93236
2026-03-05;RS;Panambi;Municipio De Panambi;Pregão - Eletrônico;1;15305,85;nao;88702089000189-1-000009/2026;https://pncp.gov.br/app/editais/88702089000189/2026/9;
2026-03-04;RS;Serafina Corrêa;Camara Municipal De Vereadores;Dispensa;2;83800,00;nao;92901909000139-1-000001/2026;https://pncp.gov.br/app/editais/92901909000139/2026/1;https://portal.tce.rs.gov.br/aplicprod/f?p=50500:10:::NO:10:P10_ID_LICITACAO,P10_PAG_RETORNO,F50500_CD_ORGAO:1491957,14,60401&cs=1FUklq1sDpv8SOIfqmPaENmdcNPs
2026-03-04;PR;Cornélio Procópio;Municipio De Cornelio Procopio;Pregão - Eletrônico;1;32500,00;nao;76331941000170-1-000058/2026;https://pncp.gov.br/app/editais/76331941000170/2026/58;
2026-03-03;SP;Rafard;Municipio De Rafard;Pregão - Eletrônico;1;5146,40;nao;44723757000189-1-000003/2026;https://pncp.gov.br/app/editais/44723757000189/2026/3;
2026-03-03;MG;Santana Da Vargem;Municipio De Santana Da Vargem;Pregão - Eletrônico;1;47212,50;nao;18245183000170-1-000016/2026;https://pncp.gov.br/app/editais/18245183000170/2026/16;https://portaldecompraspublicas.com.br/processos/MG/Prefeitura-Municipal-de-Santana-da-Vargem-3366/RPE-4-2026-2026-459382
2026-03-03;GO;Goiatuba;Fundo Municipal De Saude;Pregão - Eletrônico;2;40954,12;nao;01814099000128-1-000055/2026;https://pncp.gov.br/app/editais/01814099000128/2026/55;https://bnccompras.com/Process/ProcessView?param1=[gkz]ocQ3DqHmZVSV9hWiZSNgE/LGRBT/dDPufDIojcnTV/daVcnSM6GfxJ_RN8L72_dAH_gPdNeg4G6ao/eSzBdworW5Sp1rbOjwjkBITGU3/6Y=
2026-03-03;PR;Borrazópolis;Municipio De Borrazopolis;Pregão - Eletrônico;2;45032,51;nao;75740829000120-1-000013/2026;https://pncp.gov.br/app/editais/75740829000120/2026/13;https://bnccompras.com/Process/ProcessView?param1=[gkz]V_qEd_jgLYw_cXiG_WtczY0U1KwaRB3HiW3XWIQ9OuqVpM4j_/1w48sXNMiQ1QL0JTXFipT7vNV42tGQ5wbDT6WAe5LxmtovOmYRFdEdgBM=
2026-03-02;MG;Formiga;Instituto De Previdencia Dos Servidores Publicos Municipais De Formiga;Dispensa;1;597,33;nao;05121894000191-1-000001/2026;https://pncp.gov.br/app/editais/05121894000191/2026/1;
2026-03-02;MG;Capelinha;Municipio De Capelinha;Pregão - Eletrônico;1;12190,00;nao;19229921000159-1-000021/2026;https://pncp.gov.br/app/editais/19229921000159/2026/21;https://app2.licitardigital.com.br/pesquisa/87611
2026-03-02;GO;Goiânia;Estado De Goias;Pregão - Eletrônico;2;59641132,99;nao;01409580000138-1-003468/2025;https://pncp.gov.br/app/editais/01409580000138/2025/3468;
2026-03-02;MG;Capelinha;Municipio De Capelinha;Pregão - Eletrônico;1;12190,00;nao;19229921000159-1-000022/2026;https://pncp.gov.br/app/editais/19229921000159/2026/22;https://app2.licitardigital.com.br/pesquisa/87611
2026-03-02;RJ;Rio De Janeiro;Municipio De Rio De Janeiro;Dispensa;1;6256,00;nao;42498733000148-1-000291/2026;https://pncp.gov.br/app/editais/42498733000148/2026/291;
2026-02-27;AL;São José Da Laje;Municipio De Sao Jose Da Laje;Pregão - Eletrônico;1;;nao;12330916000199-1-000005/2026;https://pncp.gov.br/app/editais/12330916000199/2026/5;https://bnccompras.com/Process/ProcessView?param1=[gkz]FVYoswGASj3P21I76D_dVgkKAY5DALm_zCMPooVXEN1trFqXh/TQGgo749LCmcYWYQb_L0/dPhZC/nqtZe2wsEHpk5j8dzCR6xhFh4cyvek=
2026-02-27;AL;Carneiros;Municipio De Carneiros;Pregão - Eletrônico;1;27323,90;nao;12250684000169-1-000006/2025;https://pncp.gov.br/app/editais/12250684000169/2025/6;https://bnccompras.com/Process/ProcessView?param1=[gkz]MyJUdU6itogxZKUZxzlg_WksuY8M1XZY0Dlex2j1vDcT_hujKZSOWDAYtY65GRQ3EDnSj23JM6HqmCtBxH/LWWfuz1sZaJWxM6_tI5wTgTo=
2026-02-26;MG;Ponte Nova;Consorcio Intermunicipal Multissetorial Do Vale Do Piranga;Pregão - Eletrônico;3;143076,50;nao;19738706000183-1-000006/2026;https://pncp.gov.br/app/editais/19738706000183/2026/6;https://app2.licitardigital.com.br/pesquisa/92385
2026-02-26;PE;Surubim;Municipio De Surubim;Dispensa;1;31083,60;nao;11361862000166-1-000032/2026;https://pncp.gov.br/app/editais/11361862000166/2026/32;
2026-02-26;SE;Cristinápolis;Municipio De Cristinapolis;Pregão - Eletrônico;1;50748,00;nao;13096029000160-1-000009/2026;https://pncp.gov.br/app/editais/13096029000160/2026/9;https://portal.licitanet.com.br/acesso-visitante/WkpxaW1aYXA=
2026-02-25;PE;Recife;Secretaria Da Fazenda;Pregão - Eletrônico;2;3130124,16;nao;10572014001024-1-000002/2026;https://pncp.gov.br/app/editais/10572014001024/2026/2;
2026-02-25;MG;Santana Da Vargem;Municipio De Santana Da Vargem;Pregão - Eletrônico;1;47212,50;nao;18245183000170-1-000014/2026;https://pncp.gov.br/app/editais/18245183000170/2026/14;https://portaldecompraspublicas.com.br/processos/MG/Prefeitura-Municipal-de-Santana-da-Vargem-3366/RPE-4-2026-2026-459382
2026-02-25;PA;Salinópolis;Municipio De Salinopolis;Dispensa;1;6673,29;nao;05149166000198-1-000002/2026;https://pncp.gov.br/app/editais/05149166000198/2026/2;
2026-02-24;MT;Salto Do Céu;Municipio De Salto Do Ceu;Pregão - Eletrônico;2;23248,02;nao;15024011000189-1-000004/2026;https://pncp.gov.br/app/editais/15024011000189/2026/4;https://portal.licitanet.com.br/acesso-visitante/WkpxaW00JTJCaQ==
2026-02-24;AM;Manaus;Manaus Previdencia - Manausprev;Pregão - Eletrônico;1;;nao;07637990000112-1-000005/2026;https://pncp.gov.br/app/editais/07637990000112/2026/5;https://compras.manaus.am.gov.br/publico/item_em_andamento.asp?id=141735
2026-02-24;BA;Rio Real;Municipio De Rio Real;Dispensa;1;2175,75;nao;15088800000183-1-000037/2026;https://pncp.gov.br/app/editais/15088800000183/2026/37;
2026-02-24;PA;Novo Progresso;Municipio De Novo Progresso;Pregão - Eletrônico;1;6681,60;nao;10221786000120-1-000012/2026;https://pncp.gov.br/app/editais/10221786000120/2026/12;https://bnccompras.com/Process/ProcessView?param1=[gkz]k_pwiJ2c6GczCJj0m6JXoxpD9BPkZB0xcNlWW_kTm8CZnB0LqypKrZLDD7KQUZOoEaOraGgE6b2rF/goiEvchtZjF7C5wloOF0OwSeD41rI=
2026-02-24;AM;Codajás;Municipio De Codajas;Pregão - Eletrônico;1;;sim;04263331000175-1-000011/2026;https://pncp.gov.br/app/editais/04263331000175/2026/11;https://portal.licitanet.com.br/acesso-visitante/WkpxaW5aYWc=
2026-02-23;RS;Alegrete;Comando Do Exercito;Dispensa;1;26500,00;nao;00394452000103-1-003862/2026;https://pncp.gov.br/app/editais/00394452000103/2026/3862;
2026-02-23;PR;Cornélio Procópio;Municipio De Cornelio Procopio;Pregão - Eletrônico;1;32500,00;nao;76331941000170-1-000044/2026;https://pncp.gov.br/app/editais/76331941000170/2026/44;
2026-02-23;AL;São Miguel Dos Campos;Municipio De Sao Miguel Dos Campos;Pregão - Eletrônico;1;1056467,02;nao;12264222000109-1-000018/2026;https://pncp.gov.br/app/editais/12264222000109/2026/18;https://bnccompras.com/Process/ProcessView?param1=[gkz]FGutS26IoHL55tVFOpPFCe7FKVBB9dEBZrxb7H5x_1skHfzBYlLeitjCcTBCCHvw6MEAmO3kJUG_fV5Ts_lJ10vbdsGaTCGmZnvIRcgxXXg=
2026-02-23;MT;Cáceres;Fundacao Universidade Do Estado De Mato Grosso;Pregão - Eletrônico;1;9040,00;nao;01367770000130-1-000020/2026;https://pncp.gov.br/app/editais/01367770000130/2026/20;
2026-02-23;PR;Ivaiporã;Municipio De Ivaipora;Pregão - Eletrônico;1;80060,00;sim;75741330000137-1-000048/2026;https://pncp.gov.br/app/editais/75741330000137/2026/48;
2026-02-23;MG;João Monlevade;Consorcio Publico De Gestao De Residuos Solidos - Cpgrs;Pregão - Eletrônico;1;40273,14;nao;07712645000104-1-000006/2026;https://pncp.gov.br/app/editais/07712645000104/2026/6;https://app2.licitardigital.com.br/pesquisa/91290
2026-02-20;MG;Camanducaia;Municipio De Camanducaia;Pregão - Eletrônico;1;2479,66;nao;17935396000161-1-000023/2026;https://pncp.gov.br/app/editais/17935396000161/2026/23;https://comprasbr.com.br//pregao-eletronico-detalhe/?idlicitacao=43031
2026-02-20;MG;Sete Lagoas;Sete Lagoas Camara Municipal;Dispensa;1;4130,00;nao;19781236000130-1-000010/2026;https://pncp.gov.br/app/editais/19781236000130/2026/10;
2026-02-20;PR;Matelândia;Municipio De Matelandia;Pregão - Eletrônico;1;43015,85;nao;76206465000165-1-000024/2026;https://pncp.gov.br/app/editais/76206465000165/2026/24;
2026-02-20;MT;Alto Paraguai;Municipio De Alto Paraguai;Pregão - Eletrônico;1;23760,50;sim;03648532000128-1-000007/2026;https://pncp.gov.br/app/editais/03648532000128/2026/7;https://transparencia.agilicloud.com.br/altoparaguai/licitacoes/licitacao?id=1009
2026-02-20;PR;Cornélio Procópio;Municipio De Cornelio Procopio;Pregão - Eletrônico;1;32500,00;nao;76331941000170-1-000043/2026;https://pncp.gov.br/app/editais/76331941000170/2026/43;
2026-02-19;MA;Paraibano;Municipio De Paraibano;Pregão - Eletrônico;1;3573,35;nao;05303144000130-1-000009/2026;https://pncp.gov.br/app/editais/05303144000130/2026/9;https://app2-compras.licitaparaibanoma.com.br/pesquisa/6669
2026-02-13;SP;Campinas;Universidade Estadual De Campinas;Dispensa;1;7281,00;nao;46068425000133-1-000316/2026;https://pncp.gov.br/app/editais/46068425000133/2026/316;
2026-02-13;BA;Alagoinhas;Municipio De Alagoinhas;Pregão - Eletrônico;2;609553,57;nao;13646005000138-1-000022/2026;https://pncp.gov.br/app/editais/13646005000138/2026/22;https://portaldecompraspublicas.com.br/processos/BA/Prefeitura-Municipal-de-Alagoinhas-4444/RPE-PE-009-2026-2026-457257
2026-02-12;PR;Marialva;Municipio De Marialva;Pregão - Eletrônico;1;31296,36;nao;76282680000145-1-000021/2026;https://pncp.gov.br/app/editais/76282680000145/2026/21;https://bllcompras.com/Process/ProcessView?param1=[gkz]/zTXn9CkSh_QoRSQCNvRCw7zqCQwzswz7M93rV7EuQSUur0YIx9M5mgHvU/Ix43QerzYuX/Eq5awl4BAqro6Y9AMQePKkzHH/KJVwR9BnE4=
2026-02-12;PR;Marialva;Municipio De Marialva;Pregão - Eletrônico;1;31296,36;nao;76282680000145-1-000022/2026;https://pncp.gov.br/app/editais/76282680000145/2026/22;
2026-02-12;PR;Rebouças;Municipio De Reboucas;Pregão - Eletrônico;1;37851,97;nao;77774859000182-1-000035/2026;https://pncp.gov.br/app/editais/77774859000182/2026/35;
2026-02-12;AM;Presidente Figueiredo;Municipio De Presidente Figueiredo;Pregão - Eletrônico;1;;nao;04628681000198-1-000016/2026;https://pncp.gov.br/app/editais/04628681000198/2026/16;https://portal.licitanet.com.br/acesso-visitante/WkpxaG5KR2k=
2026-02-12;SP;Presidente Epitácio;Municipio De Presidente Epitacio;Pregão - Eletrônico;4;51036,93;nao;55293427000117-1-000040/2026;https://pncp.gov.br/app/editais/55293427000117/2026/40;https://portaldecompraspublicas.com.br/processos/SP/Prefeitura-Municipal-de-Estancia-Turistica-de-Presidente-Epitacio-1729/RPE-8-2026-2026-457016
2026-02-12;RN;Tibau Do Sul;Municipio De Tibau Do Sul;Pregão - Eletrônico;1;;nao;08168775000182-1-000006/2026;https://pncp.gov.br/app/editais/08168775000182/2026/6;https://portaldecompraspublicas.com.br/processos/RN/Prefeitura-Municipal-de-Tibau-do-Sul-1121/RPE-3-2026-2026-456685
2026-02-10;RN;Jundiá;Municipio De Jundia;Pregão - Eletrônico;1;37391,14;nao;04214217000155-1-000015/2026;https://pncp.gov.br/app/editais/04214217000155/2026/15;https://portaldecompraspublicas.com.br/processos/RN/Prefeitura-Municipal-de-Jundia-1314/RPE-004-2026-2026-455867
2026-02-10;RN;Jundiá;Municipio De Jundia;Pregão - Eletrônico;1;37391,14;nao;04214217000155-1-000016/2026;https://pncp.gov.br/app/editais/04214217000155/2026/16;
2026-02-10;CE;Ibicuitinga;Municipio De Ibicuitinga;Pregão - Eletrônico;2;19272,83;nao;12461646000155-1-000012/2026;https://pncp.gov.br/app/editais/12461646000155/2026/12;http://compras.m2atecnologia.com.br/processos/publicacao/fd3e9f28b90e48a88ac9373baf5f69bb/registro-de-precos-para-futuras-e-eventuais-aquisi
2026-02-10;PR;Ivaiporã;Municipio De Ivaipora;Pregão - Eletrônico;1;80060,00;sim;75741330000137-1-000032/2026;https://pncp.gov.br/app/editais/75741330000137/2026/32;
2026-02-09;MG;Guarda-Mor;Municipio De Guarda-Mor;Pregão - Eletrônico;1;3393,17;nao;18277947000100-1-000029/2026;https://pncp.gov.br/app/editais/18277947000100/2026/29;https://bnccompras.com/Process/ProcessView?param1=[gkz]ygwA1tfXM7PasawuP8xsxuxfAX5Sg/Ds9JCjsC_GgoBYxQk2GTzgyqsbre1_SvXOemALa8V8la70M8D_IRn0e/kUFeqnGi4bW0LaAssBLIw=
2026-02-09;PR;Reserva;Consorcio Intermunicipal De Desenvolvimento Regional Caminhos Do Tibag;Dispensa;1;15375,91;nao;17058641000108-1-000002/2026;https://pncp.gov.br/app/editais/17058641000108/2026/2;https://bllcompras.com/Process/ProcessView?param1=[gkz]oVgRXvSddDVenBK/wnPGzliXVcYBdTU2NOEOBsGOh4RnGoXLrlCPNI1pYz2REleTkhvX5A3bcNQGi72fNVJ6_nfi5/JSDrdk4tWPFg0UlVI=
2026-02-09;PA;Belém;Secretaria De Estado De Administracao Penitenciaria - Seap;Pregão - Eletrônico;1;10977,00;nao;05929042000125-1-000077/2025;https://pncp.gov.br/app/editais/05929042000125/2025/77;
2026-02-09;GO;Cezarina;Fundo Municipal De Saude;Dispensa;1;11032,68;nao;08678243000195-1-000011/2026;https://pncp.gov.br/app/editais/08678243000195/2026/11;
2026-02-06;SE;Aracaju;Estado De Sergipe;Pregão - Eletrônico;1;;nao;13128798001094-1-000079/2026;https://pncp.gov.br/app/editais/13128798001094/2026/79;https://sistema.comprasnet.se.gov.br/publico/WKF.aspx?code=SECLOG-PE0079/2026&validation=50635
2026-02-06;PE;Recife;Secretaria Da Fazenda;Pregão - Eletrônico;2;6621947,25;sim;10572014001024-1-000001/2026;https://pncp.gov.br/app/editais/10572014001024/2026/1;
2026-02-05;SP;Piracicaba;Instituto De Previdencia E Assistencia Social Dos Funcionarios Municip;Dispensa;1;1190,00;nao;51327724000185-1-000006/2026;https://pncp.gov.br/app/editais/51327724000185/2026/6;https://bnccompras.com/DirectBuy/DirectBuyView?param1=[gkz]v49iCquWiPyRKix_8SYNrTR6qubebnaOPQCfWQ_SV8SMyKGbDHh13bCRdrIyVuGdBhyu_WSDMNexE1luIrPR46s251hF0pXjJa2g1oRAqb0=
2026-02-05;CE;São Gonçalo Do Amarante;Municipio De Sao Goncalo Do Amarante;Pregão - Eletrônico;1;15990,00;nao;07533656000119-1-000036/2026;https://pncp.gov.br/app/editais/07533656000119/2026/36;http://compras.m2atecnologia.com.br/processos/publicacao/47caedc9f66d4e4d901ec81273f06cd6/aquisicao-de-materiais-de-informatica-permanentes
2026-02-05;RS;Rio Pardo;Municipio De Rio Pardo;Dispensa;1;12898,00;nao;88821079000162-1-000659/2025;https://pncp.gov.br/app/editais/88821079000162/2025/659;
2026-02-05;SP;Ilha Comprida;Camara Municipal De Ilha Comprida;Dispensa;1;12499,00;nao;64037898000155-1-000007/2025;https://pncp.gov.br/app/editais/64037898000155/2025/7;
2026-02-05;PR;Laranjeiras Do Sul;Associacao Intermunicipal De Saude Do Centro Oeste Do Parana-Assiscop;Pregão - Eletrônico;3;14589,18;nao;02322413000118-1-000003/2026;https://pncp.gov.br/app/editais/02322413000118/2026/3;https://portal.licitanet.com.br/acesso-visitante/WkpxZ201V28=
2026-02-04;MA;Porto Franco;Municipio De Porto Franco;Pregão - Eletrônico;1;31809,25;nao;06208946000124-1-000001/2026;https://pncp.gov.br/app/editais/06208946000124/2026/1;https://portal.licitanet.com.br/acesso-visitante/WkpxZ21wR2k=
2026-02-04;MG;Campos Altos;Municipio De Campos Altos;Pregão - Eletrônico;1;7095,00;nao;18298190000130-1-000020/2026;https://pncp.gov.br/app/editais/18298190000130/2026/20;https://portal.licitanet.com.br/acesso-visitante/WkpxZ21wQ2g=
2026-02-04;PB;Sossêgo;Municipio De Sossego;Dispensa;1;8500,00;nao;01613663000144-1-000009/2026;https://pncp.gov.br/app/editais/01613663000144/2026/9;
2026-02-04;GO;Davinópolis;Fundo Municipal De Assistencia Social;Dispensa;1;3420,00;nao;14878445000183-1-000004/2026;https://pncp.gov.br/app/editais/14878445000183/2026/4;
2026-02-03;MG;Aricanduva;Municipio De Aricanduva;Pregão - Eletrônico;4;262888,00;nao;01608511000153-1-000006/2026;https://pncp.gov.br/app/editais/01608511000153/2026/6;https://portaldecompraspublicas.com.br/processos/MG/Prefeitura-Municipal-de-Aricanduva-1639/RPE-000002-2026-2026-450626
2026-02-03;MG;Madre De Deus De Minas;Municipio De Madre De Deus De Minas;Pregão - Eletrônico;1;;nao;18029371000161-1-000003/2026;https://pncp.gov.br/app/editais/18029371000161/2026/3;
2026-02-02;PR;Ivaiporã;Municipio De Ivaipora;Pregão - Eletrônico;1;80060,00;sim;75741330000137-1-000016/2026;https://pncp.gov.br/app/editais/75741330000137/2026/16;
2026-02-02;GO;Rio Verde;Camara Municipal De Rio Verde;Pregão - Eletrônico;1;49749,50;nao;25040627000105-1-000019/2026;https://pncp.gov.br/app/editais/25040627000105/2026/19;
2026-01-31;MG;Frei Lagonegro;Municipio De Frei Lagonegro;Pregão - Eletrônico;2;37638,15;nao;01615008000125-1-000004/2026;https://pncp.gov.br/app/editais/01615008000125/2026/4;https://app2.licitardigital.com.br/pesquisa/89925
2026-01-30;MG;Monte Azul;Municipio De Monte Azul;Pregão - Eletrônico;1;19337,94;nao;18650945000114-1-000003/2026;https://pncp.gov.br/app/editais/18650945000114/2026/3;https://portaldecompraspublicas.com.br/processos/MG/Prefeitura-Municipal-de-Monte-Azul-3196/RPE-001-2026-2026-453393
2026-01-30;RO;Candeias Do Jamari;Municipio De Candeias Do Jamari;Pregão - Eletrônico;1;2617,26;nao;63761902000160-1-000035/2026;https://pncp.gov.br/app/editais/63761902000160/2026/35;https://portal.licitanet.com.br/acesso-visitante/WkpxZm5KR2c=
2026-01-29;RO;Seringueiras;Municipio De Seringueiras;Pregão - Eletrônico;1;26995,00;nao;63761993000134-1-000022/2026;https://pncp.gov.br/app/editais/63761993000134/2026/22;https://portal.licitanet.com.br/acesso-visitante/WkpxZm1wR2g=
2026-01-29;MG;Miradouro;Municipio De Miradouro;Pregão - Eletrônico;1;2723,33;nao;17947623000179-1-000001/2026;https://pncp.gov.br/app/editais/17947623000179/2026/1;https://bnccompras.com/Process/ProcessView?param1=[gkz]0Djcg4vQix_I8/X_CkbaCFObpTcKDjcksQfbKleuxpIL_Gla_z0diFt5HmcRXgvMUXHFsj0O1nHehRYoVnMoav_Jw85pIwJP8RiiG30siiI=
2026-01-29;BA;Teofilândia;Municipio De Teofilandia;Pregão - Eletrônico;1;118187,37;nao;13845466000130-1-000008/2026;https://pncp.gov.br/app/editais/13845466000130/2026/8;https://bllcompras.com/Process/ProcessView?param1=[gkz]zD9IYeWOs3U_gnH1dCDsySAjl20XzxY28n3hU1ySa905u4KebHIaW1ww5MNqUWMnbiQXjql_nOVgdcqoiuUt7eSuD3xGRC7CWvU7HKnUdQw=
2026-01-29;PE;Surubim;Municipio De Surubim;Dispensa;1;31083,60;nao;11361862000166-1-000015/2026;https://pncp.gov.br/app/editais/11361862000166/2026/15;
2026-01-29;RJ;Nilópolis;Municipio De Nilopolis;Dispensa;1;44639,17;nao;29138286000158-1-000104/2025;https://pncp.gov.br/app/editais/29138286000158/2025/104;http://www.portaldecomprasnilopolis.com.br
2026-01-29;SP;Pederneiras;Municipio De Pederneiras;Dispensa;1;38697,00;nao;46189718000179-1-000399/2025;https://pncp.gov.br/app/editais/46189718000179/2025/399;
2026-01-28;PR;Joaquim Távora;Municipio De Joaquim Tavora;Pregão - Eletrônico;1;1249,90;sim;76966845000106-1-000011/2026;https://pncp.gov.br/app/editais/76966845000106/2026/11;
2026-01-28;PA;Baião;Municipio De Baiao;Pregão - Presencial;1;85966,84;nao;05425871000170-1-000021/2025;https://pncp.gov.br/app/editais/05425871000170/2025/21;https://www.governotransparente.com.br/transparencia/43799488/consultarlicitacao?datainfo=MTIwMjMxMDIzMTkyNFBQUA==&clean=false
2026-01-27;MG;Simonésia;Municipio De Simonesia;Pregão - Eletrônico;1;;nao;18385120000110-1-000007/2026;https://pncp.gov.br/app/editais/18385120000110/2026/7;https://app2.licitardigital.com.br/pesquisa/89383
2026-01-27;GO;Formosa;Municipio De Formosa;Pregão - Eletrônico;1;3087,36;nao;01738780000134-1-000004/2026;https://pncp.gov.br/app/editais/01738780000134/2026/4;
2026-01-24;PE;Surubim;Municipio De Surubim;Dispensa;1;27196,56;nao;11361862000166-1-000010/2026;https://pncp.gov.br/app/editais/11361862000166/2026/10;
2026-01-23;CE;Ibicuitinga;Municipio De Ibicuitinga;Pregão - Eletrônico;2;19272,83;nao;12461646000155-1-000007/2026;https://pncp.gov.br/app/editais/12461646000155/2026/7;http://compras.m2atecnologia.com.br/processos/publicacao/ece4a9322a174adb9dc6b6b98a75faf5/registro-de-precos-para-futuras-e-eventuais-aquisi
2026-01-23;PB;Guarabira;Municipio De Guarabira;Pregão - Eletrônico;3;32263,20;nao;08785479000120-1-000019/2026;https://pncp.gov.br/app/editais/08785479000120/2026/19;https://www.portaldecompraspublicas.com.br/processos/PB/Prefeitura-Municipal-de-Guarabira-2646/PE-11-2026-2026-451989
2026-01-23;MG;João Pinheiro;Instituto Municipal De Previdencia Dos Servidores Publicosde Joao Pinh;Dispensa;1;361,00;nao;02205357000131-1-000004/2026;https://pncp.gov.br/app/editais/02205357000131/2026/4;https://www.previjop.mg.gov.br/Dispensa+F%C3%ADsica+03_2026/id/266/
2026-01-22;GO;Faina;Municipio De Faina;Dispensa;1;2087,88;nao;25141318000113-1-000002/2026;https://pncp.gov.br/app/editais/25141318000113/2026/2;
2026-01-21;RS;Boa Vista Do Cadeado;Municipio De Boa Vista Do Cadeado;Pregão - Eletrônico;1;31875,91;nao;04216132000106-1-000203/2025;https://pncp.gov.br/app/editais/04216132000106/2025/203;
2026-01-21;MG;Alto Jequitibá;Municipio De Alto Jequitiba;Pregão - Eletrônico;1;392,00;sim;18392506000159-1-000005/2026;https://pncp.gov.br/app/editais/18392506000159/2026/5;https://app2.ammlicita.org.br/pesquisa/88914
2026-01-21;PB;Areia De Baraúnas;Municipio De Areia De Baraunas;Pregão - Eletrônico;2;124000,00;nao;01612685000190-1-000001/2026;https://pncp.gov.br/app/editais/01612685000190/2026/1;https://portaldecompraspublicas.com.br/processos/PB/Prefeitura-Municipal-de-Areia-de-Baraunas-1788/RPE-1-2026-2026-450997
2026-01-21;BA;João Dourado;Municipio De Joao Dourado;Pregão - Eletrônico;1;;nao;13891510000148-1-000007/2026;https://pncp.gov.br/app/editais/13891510000148/2026/7;https://portaldecompraspublicas.com.br/processos/BA/Prefeitura-Municipal-de-Joao-Dourado-2803/RPE-JDPE007-2026-2026-451235
2026-01-21;RJ;Nilópolis;Municipio De Nilopolis;Dispensa;1;44639,17;nao;29138286000158-1-000102/2025;https://pncp.gov.br/app/editais/29138286000158/2025/102;http://www.portaldecomprasnilopolis.com.br
2026-01-20;SE;Carira;Municipio De Carira;Pregão - Eletrônico;1;12688,64;nao;13099882000136-1-000001/2026;https://pncp.gov.br/app/editais/13099882000136/2026/1;https://portal.licitanet.com.br/acesso-visitante/Wkptb2xwS2w=
2026-01-20;MS;Rio Verde De Mato Grosso;Municipio De Rio Verde De Mato Grosso;Pregão - Eletrônico;1;36500,00;nao;03354560000132-1-000001/2026;https://pncp.gov.br/app/editais/03354560000132/2026/1;
2026-01-19;RS;São João Da Urtiga;Municipio De Sao Joao Da Urtiga;Pregão - Eletrônico;1;9200,00;nao;90483082000165-1-000003/2026;https://pncp.gov.br/app/editais/90483082000165/2026/3;https://bllcompras.com/Process/ProcessView?param1=[gkz]z/yBS_zBWX6dtsdri/PoYBL6f33RwMmjTDt/bx_2s7VHCrC6Jw//iNhfQ7yHvs6_YYe1y//fs/KXEasLINDhojF6QqxA4vS7tCwh_VUHse4=
2026-01-19;RO;Pimenta Bueno;Municipio De Pimenta Bueno;Pregão - Eletrônico;2;414391,66;nao;04092680000171-1-000010/2026;https://pncp.gov.br/app/editais/04092680000171/2026/10;https://portal.licitanet.com.br/acesso-visitante/Wkptbm5aR28=
2026-01-19;SP;Jambeiro;Municipio De Jambeiro;Pregão - Eletrônico;1;1595,66;nao;45190824000100-1-000007/2026;https://pncp.gov.br/app/editais/45190824000100/2026/7;
2026-01-19;SP;Jambeiro;Municipio De Jambeiro;Pregão - Eletrônico;1;1595,66;nao;45190824000100-1-000010/2026;https://pncp.gov.br/app/editais/45190824000100/2026/10;https://bllcompras.com/Process/ProcessView?param1=[gkz]XTkEx7_rH0XUAeEvECT_98BOkiagRGwnq1vm4z_Tp1UWn3hWbmk/tXhjswr6TUUG2WbqhJjY1rPvCCYpR/0KNof2Dq3QSsKdKxbgxchcprs=
2026-01-19;MT;Novo Mundo;Municipio De Novo Mundo;Pregão - Eletrônico;1;85500,00;nao;01614517000133-1-000001/2026;https://pncp.gov.br/app/editais/01614517000133/2026/1;https://transparencia.agilicloud.com.br/prefnovomundo-mt/licitacoes/licitacao?id=1558
2026-01-19;PR;Abatiá;Municipio De Abatia;Dispensa;1;2729,97;nao;75743567000157-1-000023/2026;https://pncp.gov.br/app/editais/75743567000157/2026/23;https://bllcompras.com/Process/ProcessView?param1=[gkz]Wp3f_mlf1CUPsLfnp72D0PyxnnLcMyb2rdC3VGwTseB2GZSeYDwf7AEkItEkFPRBf//xQy_VoXMQBR9/7MJZDSpOgsiPJttiZTfhIrXx38I=
2026-01-16;CE;Iracema;Municipio De Iracema;Pregão - Eletrônico;1;81345,60;nao;07891658000180-1-000002/2026;https://pncp.gov.br/app/editais/07891658000180/2026/2;https://bllcompras.com/Process/ProcessView?param1=[gkz]xLW4T224FC79dTGKHnpQCXsO2e/VMCZV7lys6E4NwIWJHcB/58n9ZcYg6nDL8Jcqe0B1ZlpKvq1kcP80c8hS0fHcmnEqCBYCeSzNrSN2YrY=
2026-01-16;PB;Pocinhos;Municipio De Pocinhos;Pregão - Eletrônico;1;25200,00;nao;08741688000172-1-000007/2026;https://pncp.gov.br/app/editais/08741688000172/2026/7;https://portal.licitanet.com.br/acesso-visitante/Wkptbm5KZWc=
2026-01-16;MA;Alto Alegre Do Pindaré;Instituto De Previdencia Dos Servidores Publicos Do Muncicipio De Alto;Dispensa;1;7200,00;nao;05594905000150-1-000001/2026;https://pncp.gov.br/app/editais/05594905000150/2026/1;https://bnccompras.com/DirectBuy/DirectBuyView?param1=[gkz]uMQeqnh8m2dsw0DR5UNpandMsp8thAINs7t/ZkYDJsdO_KNS/XfeIuh5hJx7EcqTe5BY6LUPl2wln8Ud2NwbOFj/4tlX5AK1rIJ6V65ahdI=
2026-01-16;RJ;Rio De Janeiro;Fiotec - Fundacao Para O Desenvolvimento Cientifico E Tecnologico Em S;Dispensa;1;;sim;02385669000174-1-000056/2026;https://pncp.gov.br/app/editais/02385669000174/2026/56;https://bllcompras.com/Process/ProcessView?param1=[gkz]P7sr_NtqLmFxTykqGPhbtkC4Ju_zS6uS9iyqBeZ4fPas6WmvosopStZqj4I83x1ZxPebVum5PpXhUvQpoAv0pc/GXn4Ab3HtXnXT7I6APrM=
2026-01-15;AP;Ferreira Gomes;Municipio De Ferreira Gomes;Pregão - Eletrônico;1;2720,00;nao;23066814000124-1-000001/2026;https://pncp.gov.br/app/editais/23066814000124/2026/1;https://portaldecompraspublicas.com.br/processos/AP/Prefeitura-Municipal-de-Ferreira-Gomes-4925/PE-001-2026-2026-449150
2026-01-15;MA;Bom Jesus Das Selvas;Municipio De Bom Jesus Das Selvas - Camara Municipal;Pregão - Eletrônico;1;32778,40;nao;01627147000179-1-000001/2026;https://pncp.gov.br/app/editais/01627147000179/2026/1;https://portal.licitanet.com.br/acesso-visitante/Wkptbm5KR2c=
2026-01-15;SP;Capela Do Alto;Sao Paulo Secretaria Da Administracao Penitenciaria;Dispensa;1;1480,00;nao;96291141000180-1-008051/2025;https://pncp.gov.br/app/editais/96291141000180/2025/8051;
2026-01-15;PA;Santarém;Municipio De Santarem;Dispensa;1;22300,00;nao;05182233000176-1-000219/2025;https://pncp.gov.br/app/editais/05182233000176/2025/219;https://portaldecompraspublicas.com.br/processos/PA/Prefeitura-Municipal-de-Santarem-2160/DP-001-2025-SEMDEC-2025-2026-449928
2026-01-14;MS;São Gabriel Do Oeste;Municipio De Sao Gabriel Do Oeste;Pregão - Eletrônico;1;35126,67;nao;15389588000194-1-000162/2025;https://pncp.gov.br/app/editais/15389588000194/2025/162;https://portaldecompraspublicas.com.br/processos/MS/Prefeitura-Municipal-de-Sao-Gabriel-do-Oeste-3193/RPE-93-2025-2026-449624
2026-01-14;MA;Açailândia;Municipio De Acailandia;Pregão - Eletrônico;1;18000,00;nao;07000268000172-1-000146/2025;https://pncp.gov.br/app/editais/07000268000172/2025/146;
2026-01-14;RS;São João Da Urtiga;Municipio De Sao Joao Da Urtiga;Pregão - Eletrônico;1;94440,00;nao;90483082000165-1-000001/2026;https://pncp.gov.br/app/editais/90483082000165/2026/1;https://bllcompras.com/Process/ProcessView?param1=[gkz]V20OZWqoMkiSU6vaEbjUhv1tFn3Ks3oLNVrchfUcp3pAE91W0ShviKAaYmRmEK2PGS4Hka7tRifkTz1A2NroErMyGeENHAibIF35GbMb34I=
2026-01-14;SP;Capela Do Alto;Sao Paulo Secretaria Da Administracao Penitenciaria;Dispensa;1;1480,00;nao;96291141000180-1-008040/2025;https://pncp.gov.br/app/editais/96291141000180/2025/8040;
2026-01-14;GO;Buriti Alegre;Fundo Municipal De Saude De Buriti Alegre;Dispensa;1;990,00;nao;11267244000151-1-000210/2025;https://pncp.gov.br/app/editais/11267244000151/2025/210;
2026-01-14;MG;Arinos;Convales - Consorcio De Saude E Desenvolvimento Dos Vales Do Noroeste ;Dispensa;1;14862,80;nao;06070075000125-1-000058/2025;https://pncp.gov.br/app/editais/06070075000125/2025/58;
2026-01-12;MG;Francisco Dumont;Municipio De Francisco Dumont;Pregão - Eletrônico;2;265584,00;nao;16885485000188-1-000001/2026;https://pncp.gov.br/app/editais/16885485000188/2026/1;https://app2.licitardigital.com.br/pesquisa/88013
2026-01-09;SP;Ribeirão Preto;Fundacao D. Pedro Ii;Pregão - Eletrônico;2;;nao;01072472000112-1-000003/2025;https://pncp.gov.br/app/editais/01072472000112/2025/3;https://bllcompras.com/Process/ProcessView?param1=[gkz]amCutaA4QkGvTRWDurRhwsZw57FzQtn46Q2JdEJ4LohLrJhiNQVQbgZbK9i4BLxcXJ6j2pcMa6pKRw0QVHTaXiD_IDNU9fFsEPHKCoyzzZg=
2026-01-09;GO;Estrela Do Norte;Fundo Municipal De Saude-Fms;Dispensa;1;4780,00;nao;11331930000144-1-000003/2026;https://pncp.gov.br/app/editais/11331930000144/2026/3;
2026-01-09;PA;Santarém;Municipio De Santarem;Pregão - Eletrônico;5;163762,24;sim;05182233000176-1-000216/2025;https://pncp.gov.br/app/editais/05182233000176/2025/216;https://portaldecompraspublicas.com.br/processos/PA/Prefeitura-Municipal-de-Santarem-2160/RPE-SRP-NO-015-2025-SEMED-2025-2026-448816
2026-01-07;MG;Lambari;Municipio De Lambari;Pregão - Eletrônico;1;4109,32;nao;17877200000120-1-000002/2026;https://pncp.gov.br/app/editais/17877200000120/2026/2;https://portaldecompraspublicas.com.br/processos/MG/Prefeitura-Municipal-de-Lambari-3113/RPE-002-2026-2026-448124
2026-01-07;RN;Senador Elói De Souza;Municipio De Senador Eloi De Souza;Pregão - Eletrônico;1;27000,00;nao;08449571000110-1-000154/2025;https://pncp.gov.br/app/editais/08449571000110/2025/154;
2026-01-07;SP;Tarumã;Municipio De Taruma;Dispensa;1;34345,42;sim;64614449000122-1-003808/2025;https://pncp.gov.br/app/editais/64614449000122/2025/3808;
2026-01-06;RN;Pedra Grande;Municipio De Pedra Grande;Pregão - Eletrônico;1;;nao;08113896000127-1-000001/2026;https://pncp.gov.br/app/editais/08113896000127/2026/1;https://portaldecompraspublicas.com.br/processos/RN/Prefeitura-Municipal-de-Pedra-Grande-1534/RPE-001-2026-2026-2026-448053
2025-12-31;DF;Brasília;Caixa Economica Federal;Pregão - Eletrônico;1;159834000,00;nao;00360305000104-1-000025/2023;https://pncp.gov.br/app/editais/00360305000104/2023/25;
2025-12-30;MG;Santana De Cataguases;Municipio De Santana De Cataguases;Pregão - Eletrônico;2;15268,61;nao;17702515000136-1-000159/2025;https://pncp.gov.br/app/editais/17702515000136/2025/159;
2025-12-29;SP;Igarapava;Municipio De Igarapava;Pregão - Eletrônico;1;71778,49;nao;45324290000167-1-000136/2025;https://pncp.gov.br/app/editais/45324290000167/2025/136;https://bllcompras.com/Process/ProcessView?param1=[gkz]WRZQirIQXuN/4lJrcjjeTOPAD2hZdinW2KMsq/na/rhNUQqSbNu0oCzUMmAx6KE0tQdKMmW0a0SRMjE_RJS4Nits00ED3K5qwbcM08YSJYc=
2025-12-11;RS;Montenegro;Consorcio Intermunicipal Do Vale Do Rio Cai (Cis-Cai);Pregão - Eletrônico;1;319500,00;nao;07662324000134-1-000027/2025;https://pncp.gov.br/app/editais/07662324000134/2025/27;
2025-12-09;GO;Rio Verde;Fesurv - Universidade De Rio Verde;Pregão - Eletrônico;1;17622,94;nao;01815216000178-1-000249/2025;https://pncp.gov.br/app/editais/01815216000178/2025/249;https://bnccompras.com/Process/ProcessView?param1=[gkz]Yt/7WGjADTXZaXlZSJ/N6gk_pyKxFYiXYQSbOx_2EoATc/t0aKLzyFMtiBhsh0xfOFtfbrpHyvEon9jgdIc9W4BPr8ofEDJkTj_G0uRhQqU=
2025-12-02;GO;Goianira;Municipio De Goianira;Pregão - Presencial;15;2007008,84;sim;01291707000167-1-000112/2025;https://pncp.gov.br/app/editais/01291707000167/2025/112;
2025-11-26;AM;Itacoatiara;Municipio De Itacoatiara;Pregão - Presencial;6;;sim;04241980000175-1-000142/2025;https://pncp.gov.br/app/editais/04241980000175/2025/142;https://portal.licitanet.com.br/acesso-visitante/WkptaW5aQ28=
2025-11-26;AM;Benjamin Constant;Municipio De Benjamin Constant;Pregão - Eletrônico;1;22859,75;sim;04243978000135-1-000135/2025;https://pncp.gov.br/app/editais/04243978000135/2025/135;https://portal.licitanet.com.br/acesso-visitante/WkptaW5KYWs=
2025-11-26;RN;Natal;Conselho Regional Dos Tecnicos Industriais Do Rio Grande Do Norte;Pregão - Eletrônico;1;9665,32;nao;32752798000114-1-000028/2025;https://pncp.gov.br/app/editais/32752798000114/2025/28;https://portaldecompraspublicas.com.br/processos/RN/Conselho-Regional-dos-Tecnicos-Industriais-do-Rio-Grande-do-Norte-3385/RPE-13641000173-2025-91-2025-2025-440540
2025-11-26;SP;Bebedouro;Municipio De Bebedouro;Pregão - Eletrônico;1;167279,87;nao;45709920000111-1-003093/2025;https://pncp.gov.br/app/editais/45709920000111/2025/3093;
2025-11-25;SP;Santo Antônio Do Pinhal;Municipio De Santo Antonio Do Pinhal;Pregão - Eletrônico;1;12066,67;nao;45701455000172-1-000059/2025;https://pncp.gov.br/app/editais/45701455000172/2025/59;https://bllcompras.com/Process/ProcessView?param1=[gkz]nVxwcfPLoXo8OQcM7aMgMFGogtQhlyGejbDzfV3gZ9ju4z1842MFGCHuxI8LTKsrORgdUCOflZfTNnsMEZLiC10lb0hG4lvWrdF1x0ifsSA=
2025-11-24;BA;Itagibá;Municipio De Itagiba;Pregão - Eletrônico;1;23855,25;nao;13701966000106-1-000243/2025;https://pncp.gov.br/app/editais/13701966000106/2025/243;
2025-11-24;MS;Jateí;Municipio De Jatei;Pregão - Eletrônico;2;11515,98;nao;03783859000102-1-000074/2025;https://pncp.gov.br/app/editais/03783859000102/2025/74;https://transparencia-ocmblue.com.br/jatei/licitacoes/licitacao?id=1280
2025-10-28;RN;Senador Elói De Souza;Municipio De Senador Eloi De Souza;Pregão - Eletrônico;1;39600,00;nao;08449571000110-1-000143/2025;https://pncp.gov.br/app/editais/08449571000110/2025/143;https://portaldecompraspublicas.com.br/processos/RN/Prefeitura-Municipal-de-Senador-Eloi-de-Souza-1784/PE-024-2025-2025-433206
2025-10-28;TO;Araguaína;Fundo Municipal De Saude;Pregão - Eletrônico;1;5519,00;nao;11046759000121-1-000024/2025;https://pncp.gov.br/app/editais/11046759000121/2025/24;https://bnccompras.com/Process/ProcessView?param1=[gkz]sxYtTrma9DxLgZvT8oQQffMnJRnn8lFfY5_cIyvwqWN2YKSUZarGacPFNGiGROnXTc5GWa0ghnXHL/rMixug8MC47c1HAJZfCwFlmpvTDLg=
2025-10-27;PE;Toritama;Toritama Camara De Vereadores;Pregão - Eletrônico;1;2875,26;nao;08862815000191-1-000011/2025;https://pncp.gov.br/app/editais/08862815000191/2025/11;https://bnccompras.com/Process/ProcessView?param1=[gkz]ZmE83HtX3_V_eB9MVoC1jTmvl3rKIhARH45XK2nBcuLwwenAf0uJSmJBHNh3dtA_y0iy98ETFnh_V1XobhPP4ERTD_UsPRmHxCK02G61mdw=
2025-10-24;BA;Conceição Do Jacuípe;Conceicao Do Jacuipe Camara De Vereadores;Pregão - Eletrônico;1;11561,79;nao;63104343000116-1-000082/2025;https://pncp.gov.br/app/editais/63104343000116/2025/82;https://bllcompras.com/Process/ProcessView?param1=[gkz]bOBH0UIHHgljx0mXnjfMyeTarvwLgGvlWKCHoz1qzsjHoIR6QYdNxul3nFQzsmU6x3VwqTcEY4UeKe9yWTaVmVYnM1VquKri9s41Ulg3vPw=
2025-10-24;BA;Jequié;Superintendencia Municpal De Trnsito - Sumtran;Pregão - Eletrônico;2;;nao;23982047000101-1-000032/2025;https://pncp.gov.br/app/editais/23982047000101/2025/32;https://bnccompras.com/Process/ProcessView?param1=[gkz]tOejy3jfqegPBBXHRQBuP5jcsN9vfSqxWQCQ2OnFCprTFmQ4Nk8PAkwCnsRYveJaQWIgzAR75eEuEGU6mAW1UxqZDHTVNbRhLktfrL0n1hg=
2025-10-24;BA;Brumado;Municipio De Brumado;Pregão - Eletrônico;1;;nao;14105704000133-1-000085/2025;https://pncp.gov.br/app/editais/14105704000133/2025/85;https://bnccompras.com/Process/ProcessView?param1=[gkz]IfKhL1SkPo_xoeJnFm0JHCqe8yapnNyUejylNDPw1I6G5wjRFBkmtfukYWC2S4eFRUGMeJtpveGXhf0YOTXhpZ5r5Nvm/6XsL82xCyIYO0g=
2025-10-23;PA;Benevides;Municipio De Benevides;Pregão - Eletrônico;3;32825,68;nao;05058466000161-1-000087/2025;https://pncp.gov.br/app/editais/05058466000161/2025/87;https://www.portaldecompraspublicas.com.br/processos/PA/Prefeitura-Municipal-de-Benevides-2267/PE-29-2025-2025-431972
2025-10-23;MG;Santana De Cataguases;Municipio De Santana De Cataguases;Pregão - Eletrônico;2;15268,61;sim;17702515000136-1-000129/2025;https://pncp.gov.br/app/editais/17702515000136/2025/129;
2025-10-23;PR;Lupionópolis;Municipio De Lupionopolis;Pregão - Eletrônico;1;27151,20;nao;75845511000103-1-000101/2025;https://pncp.gov.br/app/editais/75845511000103/2025/101;https://bllcompras.com/Process/ProcessView?param1=[gkz]6KwJ1anLd2aCaMZXxgM00UDhCogjgOjXwiiT1hYYf6XyDY5YZvjC4dvEmE/oyYq4GETNzKITsqYOMVn5P_K6bYCOiV_ZarCWr9EIosmf7WU=
2025-10-22;SP;Joanópolis;Municipio De  Joanopolis;Pregão - Eletrônico;1;21333,33;nao;45290418000119-1-000106/2025;https://pncp.gov.br/app/editais/45290418000119/2025/106;
2025-10-21;BA;Ubaitaba;Municipio De Ubaitaba;Pregão - Eletrônico;1;56033,40;nao;16137309000168-1-000153/2025;https://pncp.gov.br/app/editais/16137309000168/2025/153;
2025-10-21;AL;Porto Calvo;Municipio De Porto Calvo;Pregão - Eletrônico;2;155536,03;nao;12366720000154-1-000034/2025;https://pncp.gov.br/app/editais/12366720000154/2025/34;https://bnccompras.com/Process/ProcessView?param1=[gkz]tigaOxzqUyFU/C4jChXtl1wWMb/OtxjAn8EQwW7xazy37nN16PJ78zkKPLvjs7pr69M7fZXjFgYm3ova42LoX7M57/w4asCyWNh_umpzaU0=
2025-10-13;BA;Feira De Santana;Municipio De Feira De Santana;Dispensa;1;17900,00;nao;14043574000151-1-000383/2025;https://pncp.gov.br/app/editais/14043574000151/2025/383;
2025-10-03;AM;Benjamin Constant;Municipio De Benjamin Constant;Pregão - Presencial;1;0,10;sim;04243978000135-1-000120/2025;https://pncp.gov.br/app/editais/04243978000135/2025/120;https://portal.licitanet.com.br/acesso-visitante/WkppbG01ZWo=
2025-10-01;CE;Boa Viagem;Municipio De Boa Viagem;Pregão - Eletrônico;1;69984,87;nao;07963515000136-1-000115/2025;https://pncp.gov.br/app/editais/07963515000136/2025/115;http://compras.m2atecnologia.com.br/processos/publicacao/c7959292edfe48a69deaa2edda917039/registro-de-precos-para-futuras-e-eventuais-aquisi
2025-10-01;MG;Caratinga;Municipio De Caratinga;Pregão - Eletrônico;1;61529,80;nao;18334268000125-1-000163/2025;https://pncp.gov.br/app/editais/18334268000125/2025/163;
2025-10-01;SP;Araçatuba;Municipio De Aracatuba;Pregão - Eletrônico;2;180848,26;nao;45511847000179-1-000732/2025;https://pncp.gov.br/app/editais/45511847000179/2025/732;https://bllcompras.com/Process/ProcessView?param1=[gkz]KoWNUqLx9Vm4WcPz8znqHo4wV41QghbfpbvkLanyKsyhAEpVlhy1WeUkyc0KObhSZfY6sm4fDEvJ_QZMlYAzxIiMwhIru5dxiqZiLc1pVy0=
2025-10-01;PR;Marialva;Municipio De Marialva;Pregão - Eletrônico;1;12896,28;nao;76282680000145-1-000217/2025;https://pncp.gov.br/app/editais/76282680000145/2025/217;https://bllcompras.com/Process/ProcessView?param1=[gkz]9JtR4SNRWDIPQopQKwNYT54003uyIT7bgsUmkaZAUgXWP9ipvb7exTPUie8WA9Kf6gguYeXddNf2Ai0Cu9l/H_XfdPPXmNv7k7HDF/t7vaY=
2025-09-29;MS;Campo Grande;Secretaria De Estado De Justica E Seguranca Publica - Ms;Pregão - Eletrônico;1;282024,51;nao;03015475000140-1-000091/2025;https://pncp.gov.br/app/editais/03015475000140/2025/91;
2025-09-29;CE;Fortim;Municipio De Fortim;Pregão - Eletrônico;1;189696,78;nao;35050756000120-1-000107/2025;https://pncp.gov.br/app/editais/35050756000120/2025/107;
2025-09-29;RJ;Piraí;Camara Municipal De Pirai;Pregão - Eletrônico;1;36770,00;nao;28084705000153-1-000055/2025;https://pncp.gov.br/app/editais/28084705000153/2025/55;https://bnccompras.com/Process/ProcessView?param1=[gkz]XrT3SInys8K0dn/XZW_FQ3XI5LJp7NvKGIj3My2Bx79U2ndT9ivjtmzagE1yrk61EaQR1P_Z3OC2Ysf_XgmdnMpfodFB4x7ATKbPA4u/_wU=
2025-09-26;SP;Taguaí;Taguai Camara Municipal;Pregão - Eletrônico;1;2763,00;nao;49886096000126-1-000008/2025;https://pncp.gov.br/app/editais/49886096000126/2025/8;https://bllcompras.com/Process/ProcessView?param1=[gkz]QjivTfN9CElVzLvQIhZ_MQWXNazLLKY6niAAom7YmFCBdrTD2NcRyIHp3OlutwYPcebXtLCFSsxsg5GjgDqnhjJY03qXVum703iaiPqbwVg=
2025-09-26;SP;Santa Bárbara D'Oeste;Municipio De Santa Barbara D'Oeste;Pregão - Eletrônico;1;;nao;46422408000152-1-000452/2025;https://pncp.gov.br/app/editais/46422408000152/2025/452;
2025-09-26;MA;Anajatuba;Municipio De Anajatuba;Pregão - Eletrônico;1;75992,52;nao;06002372000133-1-000075/2025;https://pncp.gov.br/app/editais/06002372000133/2025/75;https://app2-compras.licitaanajatuba.com.br/pesquisa/5253
2025-09-26;MT;Alto Araguaia;Alto Araguaia Camara Municipal;Pregão - Eletrônico;1;12626,66;nao;01362664000163-1-000001/2025;https://pncp.gov.br/app/editais/01362664000163/2025/1;https://bnccompras.com/Process/ProcessView?param1=[gkz]ypLUL9cpK57yRNPg_hClUQFbi8X0PztXqjJFAYmpsgVQ0SLCpWiJZ6OnlnvkHThfYCdc5lUiurmTqIfSWKmZrDAnoLR9065ahQYbpzdc2h8=
2025-09-25;RN;Assú;Municipio De Assu;Pregão - Eletrônico;1;82520,42;nao;08294662000123-1-000120/2025;https://pncp.gov.br/app/editais/08294662000123/2025/120;
2025-09-25;SP;Taguaí;Municipio De Taguai;Pregão - Eletrônico;1;231330,76;nao;46223723000150-1-000074/2025;https://pncp.gov.br/app/editais/46223723000150/2025/74;https://portaldecompraspublicas.com.br/processos/SP/Prefeitura-Municipal-de-Taguai-1696/PE-05-2025-2025-404749
2025-09-24;AP;Ferreira Gomes;Municipio De Ferreira Gomes;Pregão - Eletrônico;1;2720,00;nao;23066814000124-1-000020/2025;https://pncp.gov.br/app/editais/23066814000124/2025/20;https://portaldecompraspublicas.com.br/processos/AP/Prefeitura-Municipal-de-Ferreira-Gomes-4925/PE-012-2025-2025-424256
2025-09-23;PE;Petrolina;Municipio De Petrolina;Pregão - Eletrônico;3;88235,29;nao;10358190000177-1-000334/2025;https://pncp.gov.br/app/editais/10358190000177/2025/334;https://www.portaldecompraspublicas.com.br/processos/PE/Prefeitura-Municipal-de-Petrolina-1554/RPE-091-2025-2025-415927
2025-09-23;GO;Hidrolândia;Municipio De Hidrolandia;Pregão - Eletrônico;1;69819,33;nao;01105329000180-1-000156/2025;https://pncp.gov.br/app/editais/01105329000180/2025/156;https://bnccompras.com/Process/ProcessView?param1=[gkz]keuBzoOPoyAmNklu/r7xKBPAb_vUP4f02K__THnviJc4VcZpuMM84uDnNv_nylY6BMRg52_IZYFw1WCFNhhEZ_afZHHfB6n9a3YNfI62zhQ=
2025-09-23;SP;Araçatuba;Municipio De Aracatuba;Pregão - Eletrônico;2;6358,76;nao;45511847000179-1-000709/2025;https://pncp.gov.br/app/editais/45511847000179/2025/709;https://bllcompras.com/Process/ProcessView?param1=[gkz]SVTtI7kE0u7B/_nhKcMSYCIiCJqKsM3ayTEzEcvJFM23YMQZZ8ZEbStPsqj3tNrRQAjMFOWI/1iw/Yze8Y_h9Lrl7ttmvfaq6DKnmwOwILE=
2025-09-23;PI;Massapê Do Piauí;Municipio De Massape Do Piaui;Pregão - Eletrônico;1;6698,00;nao;01612591000110-1-000053/2025;https://pncp.gov.br/app/editais/01612591000110/2025/53;
2025-09-23;AP;Macapá;Servico Nacional De Aprendizagem Industrial;Pregão - Eletrônico;1;160000,00;sim;03775690000149-1-000010/2025;https://pncp.gov.br/app/editais/03775690000149/2025/10;https://licitacoes-e2.bb.com.br/aop-inter-estatico/visualizar-processo-publico/1079570
2025-09-23;RN;Parnamirim;Camara Municipal De Parnamirim;Pregão - Eletrônico;1;59922,05;sim;09116070000184-1-000054/2025;https://pncp.gov.br/app/editais/09116070000184/2025/54;https://portaldecompraspublicas.com.br/processos/RN/Camara-Municipal-de-Parnamirim-1904/PE-9-2025-2025-423855
2025-09-23;SP;Pontalinda;Municipio De Pontalinda;Pregão - Eletrônico;1;44200,00;sim;65712077000130-1-000017/2025;https://pncp.gov.br/app/editais/65712077000130/2025/17;https://bllcompras.com/Process/ProcessView?param1=[gkz]Nb6sXhzy1VtL_JLcpFs429B2cxHoGia5Ai31blMG6Wv8CGBHHrcmYyW/MbemkFWwYoKrOcA3XskuFF9O3pqlWhinICx7UVgDcY2bsUrejm4=
2025-09-22;PR;Cambará;Municipio De Cambara;Pregão - Presencial;1;6621,18;nao;75442756000190-1-000248/2025;https://pncp.gov.br/app/editais/75442756000190/2025/248;
2025-09-22;RN;Jundiá;Municipio De Jundia;Pregão - Eletrônico;1;31297,00;nao;04214217000155-1-000100/2025;https://pncp.gov.br/app/editais/04214217000155/2025/100;
2025-09-22;GO;Hidrolândia;Fundo Municipal De Saude De Hidrolandia;Pregão - Eletrônico;1;69819,33;nao;11320964000133-1-000066/2025;https://pncp.gov.br/app/editais/11320964000133/2025/66;
2025-09-22;RN;Jundiá;Municipio De Jundia;Pregão - Eletrônico;1;31297,00;nao;04214217000155-1-000098/2025;https://pncp.gov.br/app/editais/04214217000155/2025/98;https://portaldecompraspublicas.com.br/processos/RN/Prefeitura-Municipal-de-Jundia-1314/RPE-019-2025-2025-423566
2025-09-21;MG;Riacho Dos Machados;Municipio De Riacho Dos Machados;Pregão - Eletrônico;1;22050,00;nao;16925208000151-1-000038/2025;https://pncp.gov.br/app/editais/16925208000151/2025/38;https://portaldecompraspublicas.com.br/processos/MG/Prefeitura-Municipal-de-Riacho-dos-Machados-3433/PE-005-2025-2025-423543
2025-09-19;PB;João Pessoa;Defensoria Publica Do Estado Da Paraiba;Pregão - Eletrônico;1;247815,33;nao;10733319000180-1-000064/2025;https://pncp.gov.br/app/editais/10733319000180/2025/64;https://portaldecompraspublicas.com.br/processos/PB/Defensoria-Publica-do-Estado-da-Paraiba-4473/RPE-25-2025-2025-423375
2025-09-18;MT;Itaúba;Municipio De Itauba;Pregão - Eletrônico;1;6473,33;nao;03238961000127-1-000042/2025;https://pncp.gov.br/app/editais/03238961000127/2025/42;https://portaldecompraspublicas.com.br/processos/MT/Prefeitura-Municipal-de-Itauba-1024/PE-035-2025-2025-422781
2025-09-18;RS;Pouso Novo;Municipio De Pouso Novo;Pregão - Eletrônico;1;87253,37;nao;92454826000149-1-000088/2025;https://pncp.gov.br/app/editais/92454826000149/2025/88;https://portaldecompraspublicas.com.br/processos/RS/Prefeitura-Municipal-de-Pouso-Novo-1128/RPE-27-2025-2025-418352
2025-09-18;CE;Iguatu;Servico Autonomo De Agua E Esgoto De Iguatu;Pregão - Eletrônico;1;173333,34;sim;07508138000145-1-000026/2025;https://pncp.gov.br/app/editais/07508138000145/2025/26;https://bllcompras.com/Process/ProcessView?param1=[gkz]GwcOmEls7cYxlxd0WcOTE_I4Hn7xLc2fKcDyEXvAr9DnGQkQozKhdouPDKxGC0Gszj_ShlbAipJzwrB2dsi0H5eP2Pt47XFvymXdvIkb5dY=
2025-09-18;PR;Terra Boa;Municipio De Terra Boa;Pregão - Eletrônico;1;6929,49;nao;75793786000140-1-000197/2025;https://pncp.gov.br/app/editais/75793786000140/2025/197;
2025-09-18;SP;Zacarias;Municipio De Zacarias;Pregão - Presencial;1;212500,00;nao;65708760000101-1-000045/2025;https://pncp.gov.br/app/editais/65708760000101/2025/45;https://www.zacarias.sp.gov.br/portal/editais/1
2025-09-11;AM;Manicoré;Municipio De Manicore;Pregão - Eletrônico;1;9305,85;nao;04197166000109-1-000103/2025;https://pncp.gov.br/app/editais/04197166000109/2025/103;https://portaldecompraspublicas.com.br/processos/AM/Prefeitura-Municipal-de-Manicore-4270/RPE-049-2025-2025-421081
2025-08-29;PA;Cumaru Do Norte;Municipio De Cumaru Do Norte;Pregão - Eletrônico;3;65619,04;sim;34670976000193-1-000032/2025;https://pncp.gov.br/app/editais/34670976000193/2025/32;https://www.portaldecompraspublicas.com.br/processos/PA/Prefeitura-Municipal-de-Cumaru-do-Norte-2586/RPE-017-2025-2025-416912
2025-08-28;BA;Salvador;Companhia De Desenvolvimento Urbano Do Estado Da Bahia - Conder;Pregão - Eletrônico;1;13267,48;nao;13595251000108-1-000006/2025;https://pncp.gov.br/app/editais/13595251000108/2025/6;
2025-08-27;RN;Assú;Municipio De Assu;Pregão - Eletrônico;1;82520,42;nao;08294662000123-1-000109/2025;https://pncp.gov.br/app/editais/08294662000123/2025/109;https://www.portaldecompraspublicas.com.br/processos/RN/Prefeitura-Municipal-de-Assu-1270/PE-021-2025-2025-416976
2025-08-15;PE;Recife;Fundacao Universidade De Pernambuco;Pregão - Eletrônico;1;77684,44;nao;11022597000191-1-000082/2025;https://pncp.gov.br/app/editais/11022597000191/2025/82;
2025-08-14;SP;Votuporanga;Cinorp - Consorcio Intermunicipal Do Noroeste Paulista;Dispensa;1;18760,53;nao;20834317000130-1-000020/2025;https://pncp.gov.br/app/editais/20834317000130/2025/20;https://bllcompras.com/Process/ProcessView?param1=[gkz]NIW2ety3KT4q60H9Uozo/98KoxZtloOtVDf5mAN5WfBF0HUgPsHSXJc65QjLolh2K31yFruKh03kdCrmJFon3UzbCb0TDHsMJWC3h0L94Zg=
2025-08-14;SP;Louveira;Municipio De Louveira;Pregão - Eletrônico;3;6680,02;nao;46363933000144-1-000497/2025;https://pncp.gov.br/app/editais/46363933000144/2025/497;
2025-08-14;SP;Barrinha;Municipio De Barrinha;Pregão - Eletrônico;1;6204,00;nao;45370087000127-1-000081/2025;https://pncp.gov.br/app/editais/45370087000127/2025/81;http://www.licitacaobarrinha.com.br
2025-08-14;RN;Mossoró;Mossoro Camara Municipal;Pregão - Eletrônico;1;46490,00;nao;08208597000176-1-000034/2025;https://pncp.gov.br/app/editais/08208597000176/2025/34;
2025-08-14;MG;João Pinheiro;Instituto Municipal De Previdencia Dos Servidores Publicosde Joao Pinh;Pregão - Eletrônico;1;13449,70;nao;02205357000131-1-000027/2025;https://pncp.gov.br/app/editais/02205357000131/2025/27;https://bnccompras.com/Process/ProcessView?param1=[gkz]CQucL9OSPYp6Vsz6c6bgnCCD9_0H/V2HZ6yfBlM5NC/M1afX_L1_h/QWaQSIFygrovAkK1IjvDjQsdKPyAaZwcfCW8wL/NFQUQgJVf7ZGSQ=
2025-08-13;GO;São Miguel Do Araguaia;Municipio De Sao Miguel Do Araguaia;Pregão - Eletrônico;4;6429,28;nao;02391654000119-1-000941/2025;https://pncp.gov.br/app/editais/02391654000119/2025/941;https://go.centi.com.br/saomigueldoaraguaia/portalfornecedor
2025-08-13;BA;Serra Preta;Municipio De Serra Preta;Pregão - Eletrônico;1;;nao;13627823000193-1-000017/2025;https://pncp.gov.br/app/editais/13627823000193/2025/17;https://bllcompras.com/Process/ProcessView?param1=[gkz]_3iZI60qDRrtJoSPxjhWfIG0uymfAXb1u6u77EyT_TfVrPgT/iVX3eQ/HM94KTrDyn/QBBjrDzt5n9CIVnDR_P4GgwZgq6vnt3P2pTri06k=
2025-08-12;MG;Guaxupé;Municipio De Guaxupe;Pregão - Eletrônico;2;38160,00;nao;18663401000197-1-000241/2025;https://pncp.gov.br/app/editais/18663401000197/2025/241;https://app2.ammlicita.org.br/pesquisa/72166
2025-08-12;PE;Custódia;Municipio De Custodia;Pregão - Eletrônico;2;160458,60;nao;11358165000156-1-000040/2025;https://pncp.gov.br/app/editais/11358165000156/2025/40;https://portaldecompraspublicas.com.br/processos/PE/Prefeitura-Municipal-de-Custodia-1336/RPE-018-PMC-2025-2025-412658
2025-08-08;MA;Açailândia;Municipio De Acailandia - Secretaria De Educacao, Cultura, Desporto E ;Pregão - Eletrônico;1;27987,00;nao;06081359000117-1-000013/2025;https://pncp.gov.br/app/editais/06081359000117/2025/13;https://portal.licitanet.com.br/acesso-visitante/Wkpla25KS2o=
2025-08-07;MG;Lima Duarte;Municipio De Lima Duarte;Pregão - Eletrônico;1;9602,01;nao;18338186000159-1-000102/2025;https://pncp.gov.br/app/editais/18338186000159/2025/102;https://portaldecompraspublicas.com.br/processos/MG/Prefeitura-Municipal-de-Lima-Duarte-1658/PE-40-2025-2025-411504
2025-08-07;MG;Rio Paranaíba;Municipio De Rio Paranaiba;Pregão - Eletrônico;1;4692,00;nao;18602045000100-1-000049/2025;https://pncp.gov.br/app/editais/18602045000100/2025/49;https://portal.licitanet.com.br/acesso-visitante/WkplbW5KZWk=
2025-08-06;SP;Dois Córregos;Municipio De Dois Corregos;Pregão - Eletrônico;4;;nao;45671120000159-1-000192/2025;https://pncp.gov.br/app/editais/45671120000159/2025/192;https://app2.licitardigital.com.br/pesquisa/72521
2025-08-06;SP;Dois Córregos;Municipio De Dois Corregos;Pregão - Eletrônico;4;;nao;45671120000159-1-000193/2025;https://pncp.gov.br/app/editais/45671120000159/2025/193;
2025-08-05;MG;Congonhas Do Norte;Municipio De Congonhas Do Norte;Pregão - Eletrônico;3;88251,73;sim;18303180000146-1-000070/2025;https://pncp.gov.br/app/editais/18303180000146/2025/70;https://app2.licitardigital.com.br/pesquisa/72267
2025-08-05;MG;Carangola;Municipio De Carangola;Pregão - Eletrônico;1;43698,99;sim;19279827000104-1-000165/2025;https://pncp.gov.br/app/editais/19279827000104/2025/165;
2025-08-04;MS;Campo Grande;Secretaria De Estado De Justica E Seguranca Publica - Ms;Pregão - Eletrônico;2;677787,38;nao;03015475000140-1-000060/2025;https://pncp.gov.br/app/editais/03015475000140/2025/60;
2025-08-04;MG;Januária;Municipio De Januaria;Pregão - Eletrônico;1;42878,00;nao;21461546000110-1-000078/2025;https://pncp.gov.br/app/editais/21461546000110/2025/78;https://portaldecompraspublicas.com.br/processos/MG/Prefeitura-Municipal-de-Januaria-1405/RPE-24-2025-2025-409537
2025-08-01;MG;Brumadinho;Municipio De Brumadinho;Pregão - Eletrônico;1;148839,25;nao;18363929000140-1-000104/2025;https://pncp.gov.br/app/editais/18363929000140/2025/104;https://app2.licitardigital.com.br/pesquisa/72221
2025-08-01;BA;Jussara;Municipio De Jussara;Pregão - Eletrônico;1;;nao;13717277000181-1-000014/2025;https://pncp.gov.br/app/editais/13717277000181/2025/14;https://bnccompras.com/Process/ProcessView?param1=[gkz]qcnmC6EQqdisg3x2RFvK3zgkbOit5K3zp3lXAJbNJQWWfTXs0GE/xulb67w/3YGDauS_f4emIKiSmXZR5d4AFXlgegOn/1kOmBUe2NeS5uA=
2025-07-31;PR;Curitiba;Parana Assembleia Legislativa;Pregão - Eletrônico;1;7800,00;nao;77799542000109-1-000080/2025;https://pncp.gov.br/app/editais/77799542000109/2025/80;
2025-07-31;RS;Salvador Do Sul;Municipio De Salvador Do Sul;Pregão - Eletrônico;1;133824,20;nao;87860763000190-1-000237/2025;https://pncp.gov.br/app/editais/87860763000190/2025/237;https://pregaobanrisul.com.br/editais/0034_2025/339122
2025-07-30;SE;Frei Paulo;Municipio De Frei Paulo;Pregão - Eletrônico;1;3831,80;nao;13100102000120-1-000077/2025;https://pncp.gov.br/app/editais/13100102000120/2025/77;
2025-07-30;SE;Simão Dias;Municipio De Simao Dias;Pregão - Eletrônico;1;18500,00;nao;13108089000156-1-000103/2025;https://pncp.gov.br/app/editais/13108089000156/2025/103;
2025-07-20;SP;Campinas;Camara Municipal De Campinas;Dispensa;1;1456,00;nao;49425994000187-1-000052/2025;https://pncp.gov.br/app/editais/49425994000187/2025/52;
2025-07-17;MT;Colniza;Municipio De Colniza;Pregão - Presencial;1;3851,82;nao;04213687000102-1-000042/2025;https://pncp.gov.br/app/editais/04213687000102/2025/42;http://170.79.84.5:8079/comprasedital/
2025-06-16;RS;Santa Bárbara Do Sul;Municipio De Santa Barbara Do Sul;Pregão - Eletrônico;1;49,10;nao;88496468000160-1-000173/2025;https://pncp.gov.br/app/editais/88496468000160/2025/173;
2025-06-09;MG;Dores Do Indaiá;Municipio De Dores Do Indaia;Pregão - Eletrônico;1;1213,09;nao;18301010000122-1-000058/2025;https://pncp.gov.br/app/editais/18301010000122/2025/58;
2025-06-06;SP;Ferraz De Vasconcelos;Municipio De Ferraz De Vasconcelos;Dispensa;1;30800,00;nao;46523197000144-1-000138/2025;https://pncp.gov.br/app/editais/46523197000144/2025/138;
2025-06-04;SC;Seara;Municipio De Seara;Pregão - Presencial;1;7299,96;nao;83024505000113-1-000267/2025;https://pncp.gov.br/app/editais/83024505000113/2025/267;
2025-06-03;RN;Natal;Rio G Do Norte Assembleia Legislativa Do Rio G Do Norte;Dispensa;1;57900,00;nao;08493371000164-1-000068/2025;https://pncp.gov.br/app/editais/08493371000164/2025/68;
2025-06-02;MG;Paraisópolis;Municipio De Paraisopolis;Pregão - Eletrônico;1;;nao;18025965000102-1-000039/2025;https://pncp.gov.br/app/editais/18025965000102/2025/39;https://portaldecompraspublicas.com.br/processos/MG/Prefeitura-Municipal-de-Paraisopolis-2733/RPE-107-2025-2025-392954
2025-05-29;PA;Abaetetuba;Camara Municipal De Abaetetuba;Pregão - Presencial;1;7066,30;nao;04363065000152-1-000021/2025;https://pncp.gov.br/app/editais/04363065000152/2025/21;https://www.governotransparente.com.br/transparencia/43539488/consultarlicitacao?datainfo=MTIwMjMxMDIzMTkyNFBQUA==&clean=false
2025-05-28;AL;Pão De Açúcar;Municipio De Pao De Acucar;Dispensa;1;2570,67;nao;12369880000157-1-000026/2025;https://pncp.gov.br/app/editais/12369880000157/2025/26;
2025-05-22;RJ;Rio De Janeiro;Estado Do Rio De Janeiro;Dispensa;1;21108,00;nao;42498600000171-1-002419/2025;https://pncp.gov.br/app/editais/42498600000171/2025/2419;https://www.compras.rj.gov.br/EditaisLicitacoes/detalhar.action?idLic=33948
2025-05-21;PA;Abaetetuba;Municipio De Abaetetuba;Pregão - Presencial;1;4890,17;nao;05105127000199-1-000052/2025;https://pncp.gov.br/app/editais/05105127000199/2025/52;https://www.governotransparente.com.br/transparencia/43539488/consultarlicitacao?datainfo=MTIwMjMxMDIzMTkyNFBQUA==&clean=false
2025-05-20;RJ;São Francisco De Itabapoana;Fundo Municipal De Saude;Dispensa;1;147,25;nao;11389542000114-1-000010/2025;https://pncp.gov.br/app/editais/11389542000114/2025/10;https://bnccompras.com/Process/ProcessView?param1=[gkz]nqNaN/cz/bDQycHXKHiF2HXGipxlgJEPy2KF7H_czHPb3TDR4R7ynQ0LVKA9C2Kv8Zm3Atlp0cBgccQyb1PMJlirt4Xe3Y1Xk54eKp3JOF0=
2025-05-20;ES;Alfredo Chaves;Servico Autonomo De Agua E Esgoto De Alfredo Chaves;Dispensa;1;24000,00;nao;00536717000152-1-000019/2025;https://pncp.gov.br/app/editais/00536717000152/2025/19;
2025-05-19;PI;Morro Cabeça No Tempo;Municipio De Morro Cabeca No Tempo;Pregão - Eletrônico;1;56030,00;nao;01612594000154-1-000012/2025;https://pncp.gov.br/app/editais/01612594000154/2025/12;https://bnccompras.com/Process/ProcessView?param1=[gkz]/3ENGbaqtrchHXQZxIKjdjvaIVaRi67BbGJQnq9ZDFkAunZqkcEp6thbG7SIz0C832OqSG9ANtwFGNlBWH120ULf6YFQvPdK60sWIuAaS3E=
2025-05-19;RS;Westfália;Municipio De Westfalia;Pregão - Eletrônico;1;89566,67;nao;04215147000150-1-000178/2025;https://pncp.gov.br/app/editais/04215147000150/2025/178;https://portaldecompraspublicas.com.br/processos/RS/Prefeitura-Municipal-de-Westfalia-660/RPE-08-2025-2025-389547
2025-05-16;MG;Itabirinha;Municipio De Itabirinha;Pregão - Eletrônico;1;8562,66;nao;17125444000156-1-000015/2024;https://pncp.gov.br/app/editais/17125444000156/2024/15;
2025-05-16;RO;Presidente Médici;Municipio De Presidente Medici;Pregão - Eletrônico;1;2813,00;nao;04632212000142-1-000057/2025;https://pncp.gov.br/app/editais/04632212000142/2025/57;https://portal.licitanet.com.br/acesso-visitante/WkphbG1KS2g=
2025-05-15;PB;Nova Olinda;Municipio De Nova Olinda;Pregão - Presencial;2;230466,60;nao;08889297000108-1-000034/2025;https://pncp.gov.br/app/editais/08889297000108/2025/34;
2025-05-14;MG;Uberlândia;Uberlandia Camara Municipal;Pregão - Eletrônico;1;;nao;20720165000145-1-000020/2025;https://pncp.gov.br/app/editais/20720165000145/2025/20;
2025-05-13;RS;Erechim;Consorcio Publico Intermunicipal Da Regiao Do Alto Uruguai - Cirau;Pregão - Eletrônico;2;10145893,20;nao;11074898000169-1-000010/2025;https://pncp.gov.br/app/editais/11074898000169/2025/10;https://portaldecompraspublicas.com.br/processos/RS/Consorcio-Intermunicipal-da-Regiao-do-Alto-Uruguai-CIRAU-1055/RPE-001-2025-2025-387544
2025-05-13;PR;Manoel Ribas;Municipio De Manoel Ribas;Pregão - Eletrônico;1;30672,00;nao;75740811000128-1-000083/2025;https://pncp.gov.br/app/editais/75740811000128/2025/83;https://bllcompras.com/Process/ProcessView?param1=[gkz]vn4rgYtfoeaatoBv_Da7gH1mVc8xWlPRyogUwCRPkjlhJzGrE92EDe686hy8h/1hPqim5uPkJ5R/YEyb697QHh6OBqO9DSJNZJF8HP1gFQU=
2025-05-12;PR;Missal;Municipio De Missal;Pregão - Eletrônico;1;164697,33;nao;78101847000150-1-000089/2025;https://pncp.gov.br/app/editais/78101847000150/2025/89;https://bllcompras.com/Process/ProcessView?param1=[gkz]C7OxfIVB7XbbjDg8pwHODW3YLinCWxhS6XgS5DkhYyXKi56idWo5eLTSnKCVyvN6LfwbFvT0NhCrgHzHufj9XHwQqYzauI6Mq67zye7IeeQ=
2025-05-08;MG;Cordisburgo;Municipio De Cordisburgo;Pregão - Eletrônico;1;18428,75;sim;18116137000171-1-000113/2025;https://pncp.gov.br/app/editais/18116137000171/2025/113;
2025-05-03;RS;São José Do Inhacorá;Municipio De Sao Jose Do Inhacora;Pregão - Eletrônico;1;29244,00;nao;94187358000119-1-000110/2025;https://pncp.gov.br/app/editais/94187358000119/2025/110;
2025-05-02;RS;São José Do Inhacorá;Municipio De Sao Jose Do Inhacora;Pregão - Eletrônico;1;29244,00;nao;94187358000119-1-000109/2025;https://pncp.gov.br/app/editais/94187358000119/2025/109;https://portaldecompraspublicas.com.br/processos/RS/Prefeitura-Municipal-de-Sao-Jose-do-Inhacora-631/RPE-4-2025-2025-385394
2025-05-01;AL;Pariconha;Municipio De Pariconha;Pregão - Eletrônico;2;164335,36;nao;35634435000172-1-000029/2025;https://pncp.gov.br/app/editais/35634435000172/2025/29;https://portal.licitanet.com.br/acesso-visitante/WkphamxwZWs=
2025-04-30;SP;Olímpia;Municipio Da Estancia Turistica De Olimpia;Dispensa;1;21798,00;nao;46596151000155-1-000627/2025;https://pncp.gov.br/app/editais/46596151000155/2025/627;
2025-04-29;ES;Jaguaré;Secretaria Municipal De Educacao E Cultura;Pregão - Eletrônico;1;23993,00;nao;30704185000186-1-000014/2025;https://pncp.gov.br/app/editais/30704185000186/2025/14;
2025-04-29;SP;São José Dos Campos;Fundacao De Ciencia Aplicacoes E Tecnologia Espaciais;Pregão - Eletrônico;2;1123000,00;nao;51619104000110-1-000029/2025;https://pncp.gov.br/app/editais/51619104000110/2025/29;https://bnccompras.com/Process/ProcessView?param1=[gkz]kUG8c9qMmAbHtqGDNxLjI61kDo2aaj12ndImib3as4ylZwPbkzFt3BJtTCDYGMLvJNwxIWTCASzqNu1T787Yeo1kUoU07FmzGus5FNXKbDg=
2025-04-29;ES;Vila Velha;Fundacao Estadual De  Inovacao Em Saude - Inova Capixaba;Dispensa;1;8042,28;nao;36901264000163-1-000257/2025;https://pncp.gov.br/app/editais/36901264000163/2025/257;https://portaldecompraspublicas.com.br/processos/ES/Fundacao-Inova-Capixaba-2904/DE-63020-2025-2025-384470
2025-04-28;PE;Ribeirão;Fundo Municipal De Saude De Ribeirao;Pregão - Eletrônico;1;708,31;nao;10395676000185-1-000019/2025;https://pncp.gov.br/app/editais/10395676000185/2025/19;https://bnccompras.com/Process/ProcessView?param1=[gkz]aIqyXy5EfEO3f_uQHmfI0buA1TAk3eWhYtHy061aKUW6iTOxCvMiUMnGQElc3KKR9v9HhF7K0vRKNXgPapTUO5TKtYlxbMl23m3kqfptxsM=
2025-04-28;MT;Cuiabá;Consorcio Intermunicipal De Saude Vale Do Rio Cuiaba - Cisvarc;Pregão - Eletrônico;1;273776,44;nao;36833348000107-1-000011/2025;https://pncp.gov.br/app/editais/36833348000107/2025/11;https://portal.licitanet.com.br/acesso-visitante/WkphaW1aaW8=
2025-04-25;MA;Bacabal;Municipio De Bacabal;Pregão - Eletrônico;1;49382,20;nao;06014351000138-1-000029/2025;https://pncp.gov.br/app/editais/06014351000138/2025/29;http://www.portaldecomprasbacabal.com.br
2025-04-23;PR;Santo Antônio Do Paraíso;Municipio De Santo Antonio Do Paraiso;Pregão - Eletrônico;1;10473,76;nao;75832170000131-1-000019/2025;https://pncp.gov.br/app/editais/75832170000131/2025/19;https://bllcompras.com/Process/ProcessView?param1=[gkz]_gOaQmYKM5bKQo6QZvwZrGAx34o7QBtIdJIBHR/CSnozysuTKC04ok6W8Pizt7Q4tc04VlGDiQjgtfbnHjsZcnUrT2npsagy2KJxrTSwAwk=
2025-04-22;SP;Jarinu;Municipio De Jarinu;Pregão - Eletrônico;2;;nao;45780079000159-1-000090/2025;https://pncp.gov.br/app/editais/45780079000159/2025/90;
2025-04-15;PB;João Pessoa;Defensoria Publica Do Estado Da Paraiba;Pregão - Eletrônico;1;433288,00;nao;10733319000180-1-000022/2025;https://pncp.gov.br/app/editais/10733319000180/2025/22;https://portaldecompraspublicas.com.br/processos/PB/Defensoria-Publica-do-Estado-da-Paraiba-4473/RPE-004-2025-2025-378372
2025-04-07;SP;Mogi Mirim;Consorcio Intermunicipal De Saude 8 De Abril;Dispensa;1;15470,35;nao;08996378000107-1-000031/2025;https://pncp.gov.br/app/editais/08996378000107/2025/31;
2025-04-07;AM;Manaus;Instituto Municipal De Mobilidade Urbana - Immu;Dispensa;1;12952,55;nao;33681104000168-1-000001/2025;https://pncp.gov.br/app/editais/33681104000168/2025/1;https://compras.manaus.am.gov.br/publico/item_em_andamento.asp?id=140981
2025-03-31;CE;Tabuleiro Do Norte;Municipio De Tabuleiro Do Norte - Camara Municipal;Dispensa;1;9796,33;nao;69727899000145-1-000024/2025;https://pncp.gov.br/app/editais/69727899000145/2025/24;http://compras.m2atecnologia.com.br/processos/publicacao/d6cca80fa6324f20acb1472d09ea5767/aquisicao-de-material-permanente-para-o-suprir-as
2025-03-26;SE;Aracaju;Estado De Sergipe;Pregão - Eletrônico;2;;sim;13128798001094-1-000125/2025;https://pncp.gov.br/app/editais/13128798001094/2025/125;https://sistema.comprasnet.se.gov.br/publico/WKF.aspx?code=SECLOG-PE0099/2025&validation=46328
2025-03-26;ES;Sooretama;Municipio De Sooretama;Dispensa;3;530,00;nao;01612155000141-1-000023/2025;https://pncp.gov.br/app/editais/01612155000141/2025/23;
2025-03-25;PR;Ivaiporã;Municipio De Ivaipora;Pregão - Eletrônico;1;1400,00;nao;75741330000137-1-000076/2025;https://pncp.gov.br/app/editais/75741330000137/2025/76;
2025-03-25;RS;Cidreira;Municipio De Cidreira;Pregão - Eletrônico;1;74896,00;nao;90256686000179-1-000043/2025;https://pncp.gov.br/app/editais/90256686000179/2025/43;
2025-03-24;GO;Trombas;Fundo Municipal De Assistencia Social De Trombas;Dispensa;1;4238,00;nao;18212310000135-1-000004/2025;https://pncp.gov.br/app/editais/18212310000135/2025/4;
2025-03-24;SP;Penápolis;Municipio De Penapolis;Pregão - Eletrônico;1;93105,72;nao;49576416000141-1-000049/2025;https://pncp.gov.br/app/editais/49576416000141/2025/49;https://bllcompras.com/Process/ProcessView?param1=[gkz]0W04Mye/F_Z7KkL3dxs5ArK9BSJ4/OMYGbzDDkrbIdPs8iy8H3o6h5U3lgQKq51H4wQBQB15p2MhaZvDH_UFLVuZ0ypAe7jzHPZj1o1ZfB0=
2025-03-24;ES;Aracruz;Ipasma - Instituto De Previdencia E Assistencia Dos Servidores Do Muni;Pregão - Eletrônico;1;31388,92;sim;36330231000100-1-000003/2025;https://pncp.gov.br/app/editais/36330231000100/2025/3;
2025-03-24;RS;Balneário Pinhal;Municipio De Balneario Pinhal;Pregão - Eletrônico;1;15142,00;nao;01611339000197-1-000079/2025;https://pncp.gov.br/app/editais/01611339000197/2025/79;https://pregaobanrisul.com.br/editais/0009_2025/332657
2025-03-24;MG;Passos;Servico Autonomo De Agua E Esgoto;Pregão - Eletrônico;1;97406,33;sim;23278690000140-1-000036/2025;https://pncp.gov.br/app/editais/23278690000140/2025/36;
2025-03-23;PI;Monsenhor Gil;Municipio De Monsenhor Gil;Pregão - Eletrônico;1;26180,00;nao;06554877000100-1-000014/2025;https://pncp.gov.br/app/editais/06554877000100/2025/14;
2025-03-21;RJ;Rio De Janeiro;Comando Da Marinha;Dispensa;1;103408,00;nao;00394502000144-1-002080/2025;https://pncp.gov.br/app/editais/00394502000144/2025/2080;
2025-03-21;BA;Capim Grosso;Municipio De Capim Grosso;Pregão - Eletrônico;1;19937,00;nao;13230982000150-1-000047/2025;https://pncp.gov.br/app/editais/13230982000150/2025/47;https://portal.licitanet.com.br/acesso-visitante/WkpXbmxKQ2w=
2025-03-21;MG;São Lourenço;Servico Autonomo De Agua E Esgoto;Pregão - Eletrônico;1;3091,47;nao;21417423000181-1-000039/2025;https://pncp.gov.br/app/editais/21417423000181/2025/39;
2025-03-21;SP;Martinópolis;Municipio De Martinopolis;Pregão - Eletrônico;1;4100,00;nao;44855443000130-1-001266/2024;https://pncp.gov.br/app/editais/44855443000130/2024/1266;https://comprasbr.com.br//pregao-eletronico-detalhe/?idlicitacao=33281
2025-03-20;RS;Portão;Municipio De Portao;Pregão - Eletrônico;1;39825,88;nao;87344016000108-1-000196/2025;https://pncp.gov.br/app/editais/87344016000108/2025/196;
2025-03-20;SP;Indaiatuba;Fiec Fundacao Indaiatubana De Educacao E Cultura;Pregão - Eletrônico;1;270244,35;nao;54675103000180-1-000032/2025;https://pncp.gov.br/app/editais/54675103000180/2025/32;
2025-03-18;RS;Igrejinha;Municipio De Igrejinha;Pregão - Eletrônico;1;14919,96;nao;88379763000136-1-000045/2025;https://pncp.gov.br/app/editais/88379763000136/2025/45;https://portaldecompraspublicas.com.br/processos/RS/Prefeitura-Municipal-de-Igrejinha-15/PE-12-2025-2025-373329
2025-03-17;GO;Mutunópolis;Fundo Municipal De Saude;Dispensa;1;5008,00;nao;11470270000182-1-000056/2025;https://pncp.gov.br/app/editais/11470270000182/2025/56;
2025-03-17;MA;Alto Parnaíba;Municipio De Alto Parnaiba;Pregão - Eletrônico;2;8525,32;nao;06997571000129-1-000011/2025;https://pncp.gov.br/app/editais/06997571000129/2025/11;https://bnccompras.com/Process/ProcessView?param1=[gkz]dm6c3WFAOe6uYHPxZI9qyKHcNsxZ6H6zqKnLwgAZQksWwg2iKbLFxJG4qYFCBLxMuuRKVad6jv8APvreK5KVs9FafU3OQh9pfCb7eIn3I58=
2025-03-17;PR;Ivaí;Municipio De Ivai;Pregão - Eletrônico;1;117830,01;nao;76175918000133-1-000028/2025;https://pncp.gov.br/app/editais/76175918000133/2025/28;https://bllcompras.com/Process/ProcessView?param1=[gkz]GjZGvH9clzbpIAgL8NZN2/Mu82_LZW0hWLqclsSM8esf5e7cvFZ0wjikO2TldguKuuQgxiMO1S58ZheEoRE1QWT2S0MqCvIdR6HprOvfV_Y=
2025-03-13;RO;Castanheiras;Municipio De Castanheiras;Pregão - Eletrônico;1;45135,20;nao;63761969000103-1-000017/2025;https://pncp.gov.br/app/editais/63761969000103/2025/17;
2025-03-13;PA;Ipixuna Do Pará;Municipio De Ipixuna Do Para;Pregão - Eletrônico;1;23083,30;nao;83268011000184-1-000042/2025;https://pncp.gov.br/app/editais/83268011000184/2025/42;http://compras.m2atecnologia.com.br/processos/publicacao/f711dcf0b60c4b7abf2584c86ce109ff/registro-de-preco-para-futura-e-eventual-aquisicao
2025-03-13;PB;Campina Grande;Municipio De Campina Grande;Dispensa;1;37400,00;nao;08993917000146-1-000004/2026;https://pncp.gov.br/app/editais/08993917000146/2026/4;
2025-03-12;PA;Curionópolis;Camara Municipal De Curionopolis;Dispensa;2;9018,33;nao;22938708000120-1-000002/2025;https://pncp.gov.br/app/editais/22938708000120/2025/2;https://portaldecompraspublicas.com.br/processos/PA/Camara-Municipal-de-Curionopolis-4778/DP-72025-004-PMC-2025-2025-371858
2025-03-12;SP;Louveira;Louveira Camara Municipal;Dispensa;1;12163,44;nao;49597552000118-1-000003/2025;https://pncp.gov.br/app/editais/49597552000118/2025/3;
2025-03-10;SP;Leme;Municipio De Leme;Dispensa;1;680,00;nao;46362661000168-1-000412/2025;https://pncp.gov.br/app/editais/46362661000168/2025/412;
2025-03-07;RN;Espírito Santo;Municipio De Espirito Santo;Dispensa;1;7643,64;nao;08362287000101-1-000033/2025;https://pncp.gov.br/app/editais/08362287000101/2025/33;
2025-03-06;RR;Cantá;Municipio De Canta;Dispensa;1;1023,12;nao;01612682000156-1-000042/2024;https://pncp.gov.br/app/editais/01612682000156/2024/42;
2025-02-27;AM;Nova Olinda Do Norte;Municipio De Nova Olinda Do Norte;Pregão - Presencial;1;45850,00;nao;04477600000104-1-000011/2025;https://pncp.gov.br/app/editais/04477600000104/2025/11;https://portal.licitanet.com.br/acesso-visitante/WkpXam5aZWo=
2025-02-27;RS;Candelária;Municipio De Candelaria;Pregão - Eletrônico;1;2813,00;nao;87568911000106-1-000040/2025;https://pncp.gov.br/app/editais/87568911000106/2025/40;
2025-02-27;PR;Ibiporã;Servico Autonomo Municipal De Agua E Esgoto;Pregão - Eletrônico;1;52023,91;nao;78079639000100-1-000013/2025;https://pncp.gov.br/app/editais/78079639000100/2025/13;
2025-02-25;AL;Satuba;Municipio De Satuba;Pregão - Eletrônico;1;49409,90;nao;12200333000143-1-000010/2025;https://pncp.gov.br/app/editais/12200333000143/2025/10;https://bnccompras.com/Process/ProcessView?param1=[gkz]Df1Bh1qFE0xWvQm2iYC2T3v0EDOSNcYFOBiGCls0xzuH9BCFOQSN3eV_H0RNO97gPLUpqZz17XPXlQbr_UXJWlUfyDNzoKm0ZD5IjbLEd28=
2025-02-25;GO;Goiânia;Estado De Goias;Pregão - Eletrônico;1;81695,46;nao;01409580000138-1-000302/2025;https://pncp.gov.br/app/editais/01409580000138/2025/302;
2025-02-24;RR;Boa Vista;Agencia De Defesa Agropecuaria Do Estado De Roraima - Aderr;Dispensa;1;29299,00;nao;10265017000124-1-000003/2025;https://pncp.gov.br/app/editais/10265017000124/2025/3;
2025-02-21;PB;Teixeira;Municipio De Teixeira;Pregão - Eletrônico;3;187120,00;nao;08883951000168-1-000018/2025;https://pncp.gov.br/app/editais/08883951000168/2025/18;https://portaldecompraspublicas.com.br/processos/PB/Prefeitura-Municipal-de-Teixeira-1536/PE-012-2025-2025-367662
2025-02-21;RR;Boa Vista;Instituto De Educacao De Roraima - Ierr;Dispensa;1;46500,00;nao;45273916000153-1-000003/2025;https://pncp.gov.br/app/editais/45273916000153/2025/3;
2025-02-19;MA;Araguanã;Municipio De Araguana;Pregão - Eletrônico;1;21333,33;nao;01612539000164-1-000004/2025;https://pncp.gov.br/app/editais/01612539000164/2025/4;http://www.comprasaraguana.com.br
2025-02-17;SP;Dois Córregos;Municipio De Dois Corregos;Pregão - Eletrônico;1;;nao;45671120000159-1-000029/2025;https://pncp.gov.br/app/editais/45671120000159/2025/29;
2025-02-13;MG;Novo Cruzeiro;Municipio De Novo Cruzeiro;Dispensa;1;11993,00;nao;18404889000138-1-000024/2025;https://pncp.gov.br/app/editais/18404889000138/2025/24;http://novocruzeiro.mg.gov.br/
2025-02-12;MG;Mirabela;Municipio De Mirabela;Pregão - Eletrônico;1;9000,00;nao;18017376000174-1-000013/2025;https://pncp.gov.br/app/editais/18017376000174/2025/13;https://portaldecompraspublicas.com.br/processos/MG/Prefeitura-Municipal-de-Mirabela-1883/PE-0005-2025-2025-364353
2025-02-11;RO;Theobroma;Municipio De Theobroma;Dispensa;1;4764,00;nao;84727601000190-1-000005/2025;https://pncp.gov.br/app/editais/84727601000190/2025/5;https://portal.licitanet.com.br/acesso-visitante/WkpXaG1vJTJCbw==
2025-02-11;PI;Teresina;Secretaria Da Agricultura Familiar;Dispensa;1;39900,00;nao;06553572000184-1-000008/2025;https://pncp.gov.br/app/editais/06553572000184/2025/8;
2025-02-10;SC;Florianópolis;Secretaria De Estado Da Administracao;Pregão - Eletrônico;1;;nao;82951351000142-1-000117/2025;https://pncp.gov.br/app/editais/82951351000142/2025/117;
2025-02-10;PR;Mariópolis;Municipio De Mariopolis;Pregão - Eletrônico;1;1305,00;nao;76995323000124-1-000024/2025;https://pncp.gov.br/app/editais/76995323000124/2025/24;
2025-02-06;SP;Indaiatuba;Fiec Fundacao Indaiatubana De Educacao E Cultura;Pregão - Eletrônico;1;270244,35;nao;54675103000180-1-000012/2025;https://pncp.gov.br/app/editais/54675103000180/2025/12;
2025-02-03;RN;Jaçanã;Municipio De Jacana;Pregão - Eletrônico;1;41200,00;nao;08158800000147-1-000036/2024;https://pncp.gov.br/app/editais/08158800000147/2024/36;
2025-01-31;RS;Mostardas;Municipio De Mostardas;Pregão - Eletrônico;1;19556,00;sim;88000922000140-1-000006/2025;https://pncp.gov.br/app/editais/88000922000140/2025/6;https://portaldecompraspublicas.com.br/processos/RS/Prefeitura-Municipal-de-Mostardas-2760/PE-05-2025-2025-361934
2025-01-29;SE;Aracaju;Estado De Sergipe;Pregão - Eletrônico;5;6905629,10;nao;13128798001094-1-000062/2025;https://pncp.gov.br/app/editais/13128798001094/2025/62;https://sistema.comprasnet.se.gov.br/publico/WKF.aspx?code=SECLOG-PE0059/2025&validation=45534
2025-01-29;SC;Araranguá;Municipio De Ararangua;Pregão - Eletrônico;2;13002,90;nao;82911249000113-1-000014/2025;https://pncp.gov.br/app/editais/82911249000113/2025/14;
2025-01-28;MT;Tangará Da Serra;Municipio De Tangara Da Serra;Pregão - Eletrônico;1;560133,40;nao;03788239000166-1-000015/2025;https://pncp.gov.br/app/editais/03788239000166/2025/15;https://portal.licitanet.com.br/acesso-visitante/WkpXZm01aW4=
2025-01-24;PE;Recife;Secretaria De Administracao;Pregão - Eletrônico;1;235854,25;nao;10572022000180-1-000049/2025;https://pncp.gov.br/app/editais/10572022000180/2025/49;https://www.peintegrado.pe.gov.br/
2025-01-24;MG;Santana Do Paraíso;Municipio De Santana Do Paraiso;Dispensa;1;0,01;nao;38515573000120-1-000008/2025;https://pncp.gov.br/app/editais/38515573000120/2025/8;
2025-01-21;RJ;Quissamã;Municipio De Quissama;Pregão - Eletrônico;1;620,45;nao;31505027000160-1-000131/2024;https://pncp.gov.br/app/editais/31505027000160/2024/131;
2025-01-17;MG;Laranjal;Municipio De Laranjal;Pregão - Eletrônico;1;76577,72;nao;17947615000122-1-000096/2024;https://pncp.gov.br/app/editais/17947615000122/2024/96;
2025-01-17;MT;Aripuanã;Municipio De Aripuana;Pregão - Presencial;1;67303,00;nao;03507498000171-1-000001/2025;https://pncp.gov.br/app/editais/03507498000171/2025/1;https://transparencia.agilicloud.com.br/aripuana/licitacoes/licitacao?id=7729
2025-01-17;MG;Laranjal;Municipio De Laranjal;Pregão - Eletrônico;1;61900,00;nao;17947615000122-1-000091/2024;https://pncp.gov.br/app/editais/17947615000122/2024/91;
2025-01-16;TO;Gurupi;Secretaria Municipal De Ciencia, Tecnologia E Inovacao;Pregão - Eletrônico;1;;nao;23357740000185-1-000009/2024;https://pncp.gov.br/app/editais/23357740000185/2024/9;
2025-01-15;RN;Grossos;Municipio De Grossos;Pregão - Eletrônico;1;34370,00;nao;08077273000146-1-000120/2024;https://pncp.gov.br/app/editais/08077273000146/2024/120;https://portaldecompraspublicas.com.br/processos/RN/Prefeitura-Municipal-de-Grossos-1323/RPE-34-2024-2025-358442
2025-01-15;RN;Grossos;Municipio De Grossos;Pregão - Eletrônico;1;34370,00;nao;08077273000146-1-000116/2024;https://pncp.gov.br/app/editais/08077273000146/2024/116;
2025-01-15;MG;Corinto;Camara Municipal De Corinto;Dispensa;1;25626,67;nao;20572350000130-1-000030/2024;https://pncp.gov.br/app/editais/20572350000130/2024/30;https://www.diariomunicipal.com.br/amm-mg
2025-01-14;PA;Tucumã;Municipio De Tucuma;Dispensa;1;4287,34;nao;22981088000102-1-000006/2025;https://pncp.gov.br/app/editais/22981088000102/2025/6;https://portaldecompraspublicas.com.br/processos/PA/Prefeitura-Municipal-de-Tucuma-2080/DE-7-2025-001PMT-2025-2025-357911
2025-01-10;SE;Aracaju;Estado De Sergipe;Pregão - Eletrônico;5;6905629,10;nao;13128798001094-1-000010/2025;https://pncp.gov.br/app/editais/13128798001094/2025/10;https://sistema.comprasnet.se.gov.br/publico/WKF.aspx?code=SECLOG-PE0011/2025&validation=45329
2025-01-10;BA;Salvador;Fapex Fundacao De Apoio A Pesquisa E Extensao;Pregão - Eletrônico;2;193802,19;sim;14645162000191-1-000005/2025;https://pncp.gov.br/app/editais/14645162000191/2025/5;https://bllcompras.com/Process/ProcessView?param1=[gkz]/RUpftwuVL/QFY24srt7V/ICiGjRKotD1Hh7KrAHCJ84AekvW7jjHsP2oLHnFZEkpvKD5U05bp9DG32WRpCc/tww/0a0gwYvYsk5nrwBfNA=
2024-12-17;BA;Itacaré;Municipio De Itacare;Pregão - Eletrônico;1;190000,00;nao;13846902000195-1-000122/2024;https://pncp.gov.br/app/editais/13846902000195/2024/122;https://bllcompras.com/Process/ProcessView?param1=[gkz]sKUicoDk/rj6XH5/8SAquGYMEf0IdOLLJ2b4pwvwrjKdH9jz23bvAlrZ_PcS5RO/8bCymlaqmyl2/gNHm7k83scQuahUknvp2wanb/eN2W0=
2024-12-16;CE;Iguatu;Servico Autonomo De Agua E Esgoto De Iguatu;Pregão - Eletrônico;10;298043,28;nao;07508138000145-1-000025/2024;https://pncp.gov.br/app/editais/07508138000145/2024/25;https://bllcompras.com/Process/ProcessView?param1=[gkz]iarROtzpBJvd5eN6zqIh_aWZtde1tlMHXtnS3d/6W9YRvsCEVuQ9y2tiCDXOb3zTqD/KzUHMZL7kTsVfYsuXr83E5kcQAkIKcBfT8Iv0rGY=
2024-12-13;MG;União De Minas;Uniao De Minas Camara Municipal;Dispensa;1;14200,00;nao;01632117000150-1-000007/2024;https://pncp.gov.br/app/editais/01632117000150/2024/7;
2024-12-13;MG;Arcos;Municipio De Arcos;Pregão - Eletrônico;1;238836,14;nao;18306662000150-1-000303/2024;https://pncp.gov.br/app/editais/18306662000150/2024/303;
2024-12-13;PR;Telêmaco Borba;Municipio De Telemaco Borba;Pregão - Eletrônico;1;1344,80;nao;76170240000104-1-000494/2024;https://pncp.gov.br/app/editais/76170240000104/2024/494;
2024-12-13;RS;Marau;Municipio De Marau;Pregão - Eletrônico;1;225969,78;nao;87599122000124-1-000253/2024;https://pncp.gov.br/app/editais/87599122000124/2024/253;
2024-12-12;AM;Manacapuru;Municipio De Manacapuru;Pregão - Eletrônico;3;;nao;04274064000131-1-000035/2024;https://pncp.gov.br/app/editais/04274064000131/2024/35;https://portal.licitanet.com.br/acesso-visitante/WkpTbW1KQ20=
2024-12-12;SP;Poá;Municipio De Poa;Pregão - Eletrônico;1;2600,00;nao;55021455000185-1-000291/2024;https://pncp.gov.br/app/editais/55021455000185/2024/291;
2024-12-12;PE;Moreno;Municipio De Moreno;Pregão - Eletrônico;1;47896,67;nao;11049822000183-1-000017/2024;https://pncp.gov.br/app/editais/11049822000183/2024/17;https://bllcompras.com/Process/ProcessView?param1=[gkz]NHjRdHgH9Q7Zs6B7Lt0DgwJWr20tKjp8VA67BUUK/bqSQM7B6JG33o4W1FHBxfOrbN4A9NhKss6TCJCeMcv5iEymvUAyCr_yNdoJwkeEiFw=
2024-12-11;SP;Mogi Das Cruzes;Servico Municipal De Aguas E Esgotos;Pregão - Eletrônico;1;104446,66;nao;52561214000130-1-000313/2024;https://pncp.gov.br/app/editais/52561214000130/2024/313;
2024-12-10;SP;Mogi Das Cruzes;Servico Municipal De Aguas E Esgotos;Pregão - Eletrônico;1;104446,66;nao;52561214000130-1-000307/2024;https://pncp.gov.br/app/editais/52561214000130/2024/307;
2024-12-10;AL;Quebrangulo;Municipio De Quebrangulo;Pregão - Eletrônico;2;;nao;12241675000101-1-000038/2024;https://pncp.gov.br/app/editais/12241675000101/2024/38;https://bnccompras.com/Process/ProcessView?param1=[gkz]B1NlU5wUwFxbjkPpZ11JiGomK/hyXogZ09Q5ih3rpy/4B85X1ngVAlcaIawdzMojulMugJXWJuuQRJC3F/9L4hJ2rnwaQ7wFDd4LpoAAsSQ=
2024-12-06;MG;Piumhi;Camara Municipal De Piumhi;Pregão - Eletrônico;1;66155,97;nao;04889589000181-1-000036/2024;https://pncp.gov.br/app/editais/04889589000181/2024/36;https://portal.licitanet.com.br/acesso-visitante/WkpTbG01S2s=
2024-12-03;RS;Ronda Alta;Municipio De Ronda Alta;Dispensa;1;4090,00;sim;87711503000153-1-000170/2024;https://pncp.gov.br/app/editais/87711503000153/2024/170;
2024-11-22;MG;Congonhas Do Norte;Municipio De Congonhas Do Norte;Pregão - Eletrônico;1;;sim;18303180000146-1-000047/2024;https://pncp.gov.br/app/editais/18303180000146/2024/47;
2024-11-21;SP;Coronel Macedo;Municipio De Coronel Macedo;Dispensa;1;22754,43;nao;46634192000199-1-000120/2024;https://pncp.gov.br/app/editais/46634192000199/2024/120;https://bllcompras.com/Process/ProcessView?param1=[gkz]wt815KWXv0aEZwznG8bOpGXIB9BYIGeX3_Iy5bQkEUfvdEUgpSxxUn_WtuLSQve2ZgQqbsSHjgp3yEUaxmShbSMgS3yCnYrCBp4OTArwsSI=
2024-11-06;AC;Rio Branco;Estado Do Acre;Pregão - Eletrônico;1;418345,92;nao;63606479000124-1-000970/2024;https://pncp.gov.br/app/editais/63606479000124/2024/970;
2024-10-31;GO;Cachoeira Dourada;Fundo Municipal De Saude De Cachoeira Dourada Goias;Dispensa;1;4149,99;nao;07445626000150-1-000063/2024;https://pncp.gov.br/app/editais/07445626000150/2024/63;https://cachoeiradourada.go.gov.br/portal/#
2024-10-31;CE;Santana Do Acaraú;Municipio De Santana Do Acarau - Camara Municipal;Dispensa;1;18666,67;nao;10380103000188-1-000031/2024;https://pncp.gov.br/app/editais/10380103000188/2024/31;http://compras.m2atecnologia.com.br/processos/publicacao/66a2403385814b69a1a233c4dbe5b499/aquisicao-de-servidor-com-processador-i7-12700-21
2024-10-31;RJ;Rio De Janeiro;Comando Da Marinha;Dispensa;1;41200,00;nao;00394502000144-1-015076/2024;https://pncp.gov.br/app/editais/00394502000144/2024/15076;
2024-10-30;CE;Fortaleza;Departamento Nacional De Obras Contra As Secas;Dispensa;1;54700,00;nao;00043711000143-1-000074/2024;https://pncp.gov.br/app/editais/00043711000143/2024/74;
2024-10-30;AL;Coqueiro Seco;Municipio De Coqueiro Seco;Pregão - Eletrônico;1;;sim;12200325000105-1-000027/2024;https://pncp.gov.br/app/editais/12200325000105/2024/27;https://bnccompras.com/Process/ProcessView?param1=[gkz]zC0aEfEw87WnjHY3eDRqBPtoyEXBGRSeB1d8twpF3rHgLc7k3zYmfHnGvFRzcjfgS82rYueTU3l9mz17XgMA7C1Bq4NRTGGKbjgJkZJLMUg=
2024-10-30;MG;Dom Joaquim;Municipio De Dom Joaquim;Pregão - Eletrônico;1;18244,45;nao;18303198000148-1-000060/2024;https://pncp.gov.br/app/editais/18303198000148/2024/60;https://pncp.gov.br
2024-10-20;MG;Martinho Campos;Camara Municipal De Martinho Campos;Dispensa;1;7632,00;nao;23896970000112-1-000023/2024;https://pncp.gov.br/app/editais/23896970000112/2024/23;
2024-10-16;GO;Itauçu;Fundo Municipal De Saude;Dispensa;2;412,62;nao;07804588000185-1-000010/2024;https://pncp.gov.br/app/editais/07804588000185/2024/10;
2024-10-15;PB;Picuí;Municipio De Picui;Pregão - Eletrônico;1;959,34;nao;08741399000173-1-000124/2024;https://pncp.gov.br/app/editais/08741399000173/2024/124;http://www.licitapicui.com.br
2024-10-14;MA;Senador La Rocque;Municipio De Senador La Rocque;Dispensa;1;4632,00;nao;01598970000101-1-000044/2024;https://pncp.gov.br/app/editais/01598970000101/2024/44;
2024-10-14;SP;Américo Brasiliense;Camara Municipal De Americo Brasiliense;Dispensa;1;5398,50;nao;50513589000108-1-000062/2024;https://pncp.gov.br/app/editais/50513589000108/2024/62;
2024-10-12;AP;Macapá;Instituto De Hematologia E Hemoterapia Do Amapa;Pregão - Eletrônico;1;30725,77;nao;01762561000190-1-000022/2024;https://pncp.gov.br/app/editais/01762561000190/2024/22;
2024-10-11;AP;Macapá;Instituto De Hematologia E Hemoterapia Do Amapa;Pregão - Eletrônico;1;30725,77;nao;01762561000190-1-000021/2024;https://pncp.gov.br/app/editais/01762561000190/2024/21;
2024-10-11;SC;Camboriú;Fundo Municipal De Educacao De Camboriu;Pregão - Eletrônico;1;35439,00;nao;30753994000188-1-000127/2024;https://pncp.gov.br/app/editais/30753994000188/2024/127;
2024-10-11;MG;Ibiá;Municipio De Ibia;Dispensa;1;;sim;18584961000156-1-000101/2024;https://pncp.gov.br/app/editais/18584961000156/2024/101;https://portal.licitanet.com.br/acesso-visitante/WkpTZ2w1S3A=
2024-10-09;GO;Formoso;Fundo Municipal De Saude;Dispensa;1;6750,00;nao;11661424000113-1-000064/2024;https://pncp.gov.br/app/editais/11661424000113/2024/64;
2024-10-08;MG;Alto Jequitibá;Camara Municipal De Alto Jequitiba -Mg;Dispensa;1;975,65;nao;00395170000112-1-000008/2024;https://pncp.gov.br/app/editais/00395170000112/2024/8;
2024-10-04;GO;Hidrolândia;Municipio De Hidrolandia;Pregão - Eletrônico;1;15063,00;nao;01105329000180-1-000149/2024;https://pncp.gov.br/app/editais/01105329000180/2024/149;https://bnccompras.com/Process/ProcessView?param1=[gkz]VGcSnKs8PDj5xWsQ17IDqQ9BchZT0jWHKNviLCoGtcUCGiwnsWNYBy4w3xeSczpwFJm4j5VgmyLMG980Gn/KndHJthNbn9L55so9JL1lAwY=
2024-10-04;SP;Votuporanga;Municipio De Votuporanga;Pregão - Eletrônico;1;57264,92;nao;46599809000182-1-000371/2024;https://pncp.gov.br/app/editais/46599809000182/2024/371;https://bllcompras.com/Process/ProcessView?param1=[gkz]G5i7IJ2ReD73aDqAmITC_BQh1FmLRNkr/ZYFhGOPuBDr8kirmZBNvcpPSi5XvelHm1H8m55b22JyI3JR9vT5Rvmn5vwqmkQDscNSKbXR7u8=
2024-10-03;RJ;Resende;Agencia De Saneamento Basico Do Municipio De Resende Sanear;Dispensa;1;7200,00;nao;39750948000108-1-000014/2024;https://pncp.gov.br/app/editais/39750948000108/2024/14;
2024-10-02;SE;Aracaju;Secretaria De Estado De Politicas Para As Mulheres - Spm;Dispensa;1;;nao;54127680000138-1-000017/2024;https://pncp.gov.br/app/editais/54127680000138/2024/17;https://sistema.comprasnet.se.gov.br/publico/WKF.aspx?code=SPM-DE0281/2024&validation=43452
2024-10-01;RS;Santa Cruz Do Sul;Municipio De Santa Cruz Do Sul;Pregão - Eletrônico;1;;nao;95440517000108-1-000527/2024;https://pncp.gov.br/app/editais/95440517000108/2024/527;
2024-09-30;MT;Juína;Municipio De Juina;Pregão - Eletrônico;1;2445,00;nao;15359201000157-1-000115/2024;https://pncp.gov.br/app/editais/15359201000157/2024/115;https://transparencia.juina.mt.gov.br/prefjuinamt/licitacoes/licitacao?id=4366
2024-09-30;MA;São Luís;Estado Do Maranhao - Secretaria De Transparencia E Controle;Pregão - Eletrônico;1;79060,69;nao;21853640000114-1-000009/2024;https://pncp.gov.br/app/editais/21853640000114/2024/9;
2024-09-30;RS;Lajeado;Instituto Federal De Educacao, Ciencia E Tecnologia Sul-Rio-Grandense ;Dispensa;2;107266,00;nao;10729992000146-1-000161/2024;https://pncp.gov.br/app/editais/10729992000146/2024/161;
2024-09-27;BA;Salvador;Estado Da Bahia;Pregão - Eletrônico;1;281660,64;nao;13937032000160-1-001681/2024;https://pncp.gov.br/app/editais/13937032000160/2024/1681;https://licitacoes-e2.bb.com.br/aop-inter-estatico/visualizar-processo-publico/1056433
2024-09-27;PR;Atalaia;Municipio De Atalaia;Pregão - Eletrônico;1;51365,00;sim;75731018000162-1-000038/2024;https://pncp.gov.br/app/editais/75731018000162/2024/38;https://bllcompras.com/Process/ProcessView?param1=[gkz]mTz4RzpRRxXIzfMObnshkMP8MTmv3saBrSQiUIY5O3IOLCkbz5SDGRQS0lp45RRd1qbJNBYWqp5gCtGbzjE2_u8TuKdxGNiVoYTaO7wLGRw=
2024-09-27;PI;Fronteiras;Municipio De Fronteiras;Dispensa;1;2675,00;nao;06553721000105-1-000007/2024;https://pncp.gov.br/app/editais/06553721000105/2024/7;https://portaldecompraspublicas.com.br/processos/PI/PREFEITURA-MUNICIPAL-DE-FRONTEIRAS-2233/DE-006-2024-2024-339007
2024-09-26;PB;Campina Grande;Fundo Municipal De Saude De Campina Grande;Dispensa;1;43500,00;nao;24513574000121-1-000429/2024;https://pncp.gov.br/app/editais/24513574000121/2024/429;
2024-09-24;CE;Fortaleza;Estado Do Ceara;Pregão - Eletrônico;3;;nao;07954480000179-1-016734/2024;https://pncp.gov.br/app/editais/07954480000179/2024/16734;http://comprasgovernamentais.gov.br/
2024-09-24;RN;Jundiá;Municipio De Jundia;Pregão - Eletrônico;1;30928,24;nao;04214217000155-1-000059/2024;https://pncp.gov.br/app/editais/04214217000155/2024/59;
2024-09-24;RJ;Barra Mansa;Municipio De Barra Mansa;Pregão - Eletrônico;1;22921,49;nao;28695658000184-1-000119/2024;https://pncp.gov.br/app/editais/28695658000184/2024/119;https://www.gp.srv.br/transparencia_barramansa/servlet/licitacoes_v2?1
2024-09-23;MG;Abaeté;Municipio De Abaete;Dispensa;1;931,56;nao;18296632000100-1-000078/2024;https://pncp.gov.br/app/editais/18296632000100/2024/78;
2024-09-20;MG;Alfenas;Municipio De Alfenas;Pregão - Presencial;1;;sim;18243220000101-1-000170/2024;https://pncp.gov.br/app/editais/18243220000101/2024/170;
2024-09-19;MS;Campo Grande;Fundacao Universidade Estadual De Mato Grosso Do Sul;Pregão - Eletrônico;2;334407,76;nao;86891363000180-1-000093/2024;https://pncp.gov.br/app/editais/86891363000180/2024/93;
2024-09-19;BA;Iraquara;Municipio De Iraquara;Pregão - Eletrônico;3;62431,50;nao;13922596000129-1-000046/2024;https://pncp.gov.br/app/editais/13922596000129/2024/46;https://bnccompras.com/Process/ProcessView?param1=[gkz]b8/SEBoiW/LjHPFmckreyXbfscal3DB6cRvJosiVeAI7Q8bSF37QwCoKBvB_OOW7uVtXnnYIabacHtRbAOAvIJw1/OPrg/I9IUpp3C7YxT4=
2024-09-19;RS;Estação;Municipio De Estacao;Pregão - Eletrônico;1;59970,00;nao;92406248000175-1-000214/2024;https://pncp.gov.br/app/editais/92406248000175/2024/214;
2024-09-19;SC;São Martinho;Fundo Municipal De Saude De Sao Martinho;Dispensa;1;6900,00;nao;12334083000134-1-000005/2024;https://pncp.gov.br/app/editais/12334083000134/2024/5;
2024-09-18;MG;Goiabeira;Municipio De Goiabeira;Pregão - Eletrônico;1;32498,70;nao;01615421000190-1-000021/2024;https://pncp.gov.br/app/editais/01615421000190/2024/21;
2024-09-18;MG;Dom Joaquim;Municipio De Dom Joaquim;Pregão - Eletrônico;1;26044,45;nao;18303198000148-1-000054/2024;https://pncp.gov.br/app/editais/18303198000148/2024/54;https://www.gov.br/pncp/pt-br
2024-09-17;SP;Indaiatuba;Municipio De Indaiatuba;Pregão - Eletrônico;1;237666,67;nao;44733608000109-1-000685/2024;https://pncp.gov.br/app/editais/44733608000109/2024/685;
2024-09-17;RN;Jundiá;Municipio De Jundia;Pregão - Eletrônico;1;30928,24;nao;04214217000155-1-000047/2024;https://pncp.gov.br/app/editais/04214217000155/2024/47;https://portaldecompraspublicas.com.br/processos/RN/Prefeitura-Municipal-de-Jundia-1314/RPE-016-2024-2024-336432
2024-09-13;SP;Cubatão;Camara Municipal De Cubatao;Pregão - Eletrônico;1;2533,96;nao;51642635000123-1-000007/2024;https://pncp.gov.br/app/editais/51642635000123/2024/7;https://bllcompras.com/Process/ProcessView?param1=[gkz]SlRV1hNUzj7HoE3oG/5dOuz3n8IGq5NqMD8O6AeYOEVOJzE1Cz87BRR4DTuVApA7Ibt_Ure1P_1wFqEVks1OvzRIOOPPJD60dH8r6APBPvI=
2024-09-13;MG;Soledade De Minas;Municipio De Soledade De Minas;Pregão - Eletrônico;1;4901,16;nao;18188235000114-1-000060/2024;https://pncp.gov.br/app/editais/18188235000114/2024/60;
2024-09-13;RS;Estância Velha;Municipio De Estancia Velha;Pregão - Eletrônico;1;169750,00;nao;88254883000107-1-000185/2024;https://pncp.gov.br/app/editais/88254883000107/2024/185;https://portaldecompraspublicas.com.br/processos/RS/Prefeitura-Municipal-de-Estancia-Velha-2394/RPE-047-2024-2024-335274
2024-09-13;AM;Manaus;Fundo Para Financiamento Da Modern. Fazendaria Do Estado Do Amazonas;Pregão - Eletrônico;6;2326348,82;nao;07810893000180-1-000006/2024;https://pncp.gov.br/app/editais/07810893000180/2024/6;https://www.e-compras.am.gov.br/publico/licitacoes_detalhes.asp?ident=244401
2024-09-13;ES;Piúma;Municipio De Piuma;Pregão - Eletrônico;2;9836,47;nao;27165695000118-1-000153/2024;https://pncp.gov.br/app/editais/27165695000118/2024/153;
2024-09-13;PR;Goioxim;Municipio De Goioxim;Dispensa;1;10130,00;sim;01607627000178-1-000110/2024;https://pncp.gov.br/app/editais/01607627000178/2024/110;https://portal.licitanet.com.br/acesso-visitante/WkpPbm1wQ20=
2024-09-06;SC;Ponte Alta Do Norte;Municipio De Ponte Alta Do Norte;Pregão - Eletrônico;1;1353,00;nao;95991287000175-1-000073/2024;https://pncp.gov.br/app/editais/95991287000175/2024/73;https://bllcompras.com/Process/ProcessView?param1=[gkz]KZdS7B4eG5WcHVGA/sh1PUVJsPgU8IqFY6jrezK6M3zN3JhVN5H2VQ/fAaDEg4AdfqcCRD9W7Mvy_UmivKgSF/2WAv3oWZ4NLfVz2ab3XuI=
2024-09-06;GO;Aparecida De Goiânia;Municipio De Aparecida De Goiania;Pregão - Eletrônico;1;1879601,13;nao;01005727000124-1-000239/2024;https://pncp.gov.br/app/editais/01005727000124/2024/239;
2024-09-05;MG;Córrego Fundo;Municipio De Corrego Fundo;Pregão - Eletrônico;1;24500,00;nao;01614862000177-1-000045/2024;https://pncp.gov.br/app/editais/01614862000177/2024/45;https://portal.licitanet.com.br/acesso-visitante/WkpPbW01S2k=
2024-09-05;AL;Pão De Açúcar;Municipio De Pao De Acucar;Pregão - Eletrônico;1;4317,24;nao;12369880000157-1-000055/2024;https://pncp.gov.br/app/editais/12369880000157/2024/55;
2024-09-05;MT;Pedra Preta;Municipio De Pedra Preta;Dispensa;1;49838,98;nao;03773942000109-1-000022/2024;https://pncp.gov.br/app/editais/03773942000109/2024/22;https://portal.licitanet.com.br/acesso-visitante/WkpPbW01Q2c=
2024-09-05;MA;São Benedito Do Rio Preto;Municipio De Sao Benedito Do Rio Preto;Dispensa;1;21556,44;nao;06398150000181-1-000020/2024;https://pncp.gov.br/app/editais/06398150000181/2024/20;http://www.comprassbrp.com.br
2024-09-03;SP;Américo Brasiliense;Camara Municipal De Americo Brasiliense;Dispensa;1;5398,50;nao;50513589000108-1-000054/2024;https://pncp.gov.br/app/editais/50513589000108/2024/54;
2024-09-02;PI;Coivaras;Municipio De Coivaras;Pregão - Eletrônico;1;7365,67;nao;41522335000157-1-000022/2024;https://pncp.gov.br/app/editais/41522335000157/2024/22;https://portaldecompraspublicas.com.br/processos/PI/Prefeitura-Municipal-de-Coivaras-2583/RPE-012-2024-2024-331637
2024-09-02;PA;Itupiranga;Municipio De Itupiranga;Pregão - Eletrônico;1;10631,44;nao;05077102000129-1-000048/2024;https://pncp.gov.br/app/editais/05077102000129/2024/48;https://portaldecompraspublicas.com.br/processos/PA/Prefeitura-Municipal-de-Itupiranga-1415/RPE-9-2024-017-PMI-2024-2024-332700
2024-09-02;GO;Teresina De Goiás;Fundo Municipal De Assistencia Social Do Municipio De Teresina De Goia;Dispensa;1;351,31;nao;07809606000111-1-000025/2024;https://pncp.gov.br/app/editais/07809606000111/2024/25;
2024-09-02;MG;Belo Horizonte;Consorcio Intermunicipal Alianca Para A Saude Cias;Dispensa;2;63370,01;nao;97550393000149-1-000021/2024;https://pncp.gov.br/app/editais/97550393000149/2024/21;
2024-08-30;PR;Campo Mourão;Universidade Estadual Do Parana;Dispensa;1;279,50;nao;05012896000142-1-000489/2024;https://pncp.gov.br/app/editais/05012896000142/2024/489;http://www.transparencia.pr.gov.br/
2024-08-29;RS;São Miguel Das Missões;Municipio De Sao Miguel Das Missoes;Dispensa;1;7854,00;nao;89971758000180-1-000806/2024;https://pncp.gov.br/app/editais/89971758000180/2024/806;
2024-08-28;MG;Itamarandiba;Fundacao Hospitalar Dr. Afonso Pavie-Fhap;Dispensa;1;1960,00;nao;49868348000194-1-000033/2024;https://pncp.gov.br/app/editais/49868348000194/2024/33;https://fhap.mg.gov.br/transparencia/licitacoes/162-dispensa-n-08-2024
2024-08-28;ES;Alegre;Instituto De Previdencia E Assistencia Do Municipio De Alegre;Dispensa;1;7833,33;nao;05269863000182-1-000010/2024;https://pncp.gov.br/app/editais/05269863000182/2024/10;
2024-08-27;RN;São Miguel Do Gostoso;Municipio De Sao Miguel Do Gostoso;Pregão - Eletrônico;1;1107,75;nao;01612396000190-1-000032/2024;https://pncp.gov.br/app/editais/01612396000190/2024/32;https://portaldecompraspublicas.com.br/processos/RN/Prefeitura-Municipal-de-Sao-Miguel-do-Gostoso-1356/RPE-25-2024-2024-331135
2024-08-27;SC;Irani;Municipio De Irani;Pregão - Eletrônico;1;47650,00;sim;82939455000131-1-000181/2024;https://pncp.gov.br/app/editais/82939455000131/2024/181;
2024-08-26;GO;Caldas Novas;Municipio De Caldas Novas;Pregão - Eletrônico;1;761,64;nao;01787506000155-1-000170/2024;https://pncp.gov.br/app/editais/01787506000155/2024/170;https://www.slicx.com.br
2024-08-23;SP;Araçatuba;Municipio De Aracatuba;Pregão - Eletrônico;2;5847,60;nao;45511847000179-1-000606/2024;https://pncp.gov.br/app/editais/45511847000179/2024/606;https://bllcompras.com/Process/ProcessView?param1=[gkz]r2GMzIAjb3vhvJUcU1OXp25aqRf800dLfpXz2SNzrD4qt4OzQqx4mkTSX94DqkjLjQAXZtCn6LxcTJq6sV5YNej7sfTz8TQGm0aot4mEokI=
2024-08-23;PB;Malta;Municipio De Malta;Pregão - Eletrônico;1;;nao;09151861000145-1-000015/2024;https://pncp.gov.br/app/editais/09151861000145/2024/15;https://portaldecompraspublicas.com.br/processos/PB/Prefeitura-Municipal-de-Malta-1833/RPE-17-2024-2024-330491
2024-08-23;PE;Recife;Empresa De Turismo De Pernambuco Governador Eduardo Campos - Empetur;Pregão - Eletrônico;1;77800,00;nao;10931533000140-1-000012/2024;https://pncp.gov.br/app/editais/10931533000140/2024/12;https://www.peintegrado.pe.gov.br/
2024-08-22;MG;São Joaquim De Bicas;Municipio De Sao Joaquim De Bicas;Pregão - Eletrônico;2;;nao;01612516000150-1-000241/2024;https://pncp.gov.br/app/editais/01612516000150/2024/241;
2024-08-22;MG;Igaratinga;Municipio De Igaratinga;Dispensa;2;11855,71;nao;18313825000121-1-000075/2024;https://pncp.gov.br/app/editais/18313825000121/2024/75;
2024-08-22;MG;Varginha;Fundacao Hospitalar Do Municipio De Varginha Fhomuv;Pregão - Eletrônico;1;237,88;nao;19110162000100-1-000096/2024;https://pncp.gov.br/app/editais/19110162000100/2024/96;https://portaldecompraspublicas.com.br/processos/MG/Fundacao-Hospitalar-do-Municipio-de-Varginha-3328/PE-40-2024-2024-329843
2024-08-22;GO;Goiânia;Estado De Goias;Pregão - Eletrônico;1;976,74;nao;01409580000138-1-001581/2024;https://pncp.gov.br/app/editais/01409580000138/2024/1581;
2024-08-22;MS;Deodápolis;Municipio De Deodapolis;Pregão - Eletrônico;1;8273,10;nao;03903176000141-1-000105/2024;https://pncp.gov.br/app/editais/03903176000141/2024/105;https://portal.licitanet.com.br/acesso-visitante/WkpPa25aQ2w=
2024-08-21;MG;Guarda-Mor;Municipio De Guarda-Mor;Pregão - Eletrônico;1;2786,65;nao;18277947000100-1-000151/2024;https://pncp.gov.br/app/editais/18277947000100/2024/151;https://bnccompras.com/Process/ProcessView?param1=[gkz]Vtl6XfzRPqwur0/3DedBSPfW1D2iWZBL/w6YnrTnRuDPlA_aazzU3hxdejK3U/QzKL6o/wuOETLu84XNvhTNiRo8k43wGVBwI7B3FsjcltQ=
2024-08-21;MG;Catas Altas Da Noruega;Municipio De Catas Altas Da Noruega;Pregão - Eletrônico;1;3880,59;nao;19718378000153-1-000056/2024;https://pncp.gov.br/app/editais/19718378000153/2024/56;https://catasaltasdanoruega.licitapp.com.br/
2024-08-21;RN;Nísia Floresta;Municipio De Nisia Floresta;Pregão - Eletrônico;2;314720,00;nao;08167306000149-1-000101/2024;https://pncp.gov.br/app/editais/08167306000149/2024/101;
2024-08-21;CE;Iguatu;Municipio De Iguatu;Dispensa;1;41614,00;nao;07810468000190-1-000059/2024;https://pncp.gov.br/app/editais/07810468000190/2024/59;http://compras.m2atecnologia.com.br/processos/publicacao/617c416dddb04d1b8c04d4faa9013e22/aquisicao-de-servidor-para-gerenciamento-de-rede-e
2024-08-21;RS;Alecrim;Municipio De Alecrim;Dispensa;1;1136,37;sim;87612784000197-1-000254/2024;https://pncp.gov.br/app/editais/87612784000197/2024/254;
2024-08-21;SC;Chapecó;Consorcio Intermunicipal De Saude Do Oeste De Sc;Dispensa;1;4,80;nao;01336261000140-1-000274/2024;https://pncp.gov.br/app/editais/01336261000140/2024/274;
2024-08-21;CE;Sobral;Municipio De Sobral;Pregão - Eletrônico;1;;nao;07598634000137-1-000104/2024;https://pncp.gov.br/app/editais/07598634000137/2024/104;https://portal.licitanet.com.br/acesso-visitante/WkpPa2w1U3A=
2024-08-19;GO;Itaberaí;Municipio De Itaberai;Dispensa;1;588,14;nao;02451938000153-1-000126/2024;https://pncp.gov.br/app/editais/02451938000153/2024/126;
2024-08-16;MT;Campo Novo Do Parecis;Municipio De Campo Novo Do Parecis;Pregão - Eletrônico;1;5923,23;nao;24772287000136-1-000156/2024;https://pncp.gov.br/app/editais/24772287000136/2024/156;https://bllcompras.com/Process/ProcessView?param1=[gkz]5oQJ//nwFQ6nJyFHA9Tc0qSXP933QioupRP4UKAYHzGYfgquAcXmDn0/r5ZVPnovZ7Ublw6LIZZMal/FU/DPdgPChQRjtU4aFYBqjLw5rbw=
2024-08-16;PE;Recife;Fundacao Universidade De Pernambuco;Dispensa;1;320,70;nao;11022597000191-1-000025/2023;https://pncp.gov.br/app/editais/11022597000191/2023/25;https://www.peintegrado.pe.gov.br/
2024-08-15;RS;Porto Alegre;Comando Da Marinha;Dispensa;1;24900,00;nao;00394502000144-1-010159/2024;https://pncp.gov.br/app/editais/00394502000144/2024/10159;
2024-08-14;RS;Nova Bréscia;Municipio De Nova Brescia;Dispensa;1;57900,00;nao;88600655000141-1-000436/2024;https://pncp.gov.br/app/editais/88600655000141/2024/436;
2024-08-14;RS;Ernestina;Municipio De Ernestina;Dispensa;1;21474,75;nao;92406180000124-1-000073/2024;https://pncp.gov.br/app/editais/92406180000124/2024/73;
2024-08-09;MG;Divisa Alegre;Municipio De Divisa Alegre;Pregão - Presencial;1;2130,20;nao;01613073000111-1-000114/2024;https://pncp.gov.br/app/editais/01613073000111/2024/114;https://www.divisaalegre.mg.gov.br/licitacaoAno.php?ano=2024
2024-08-09;GO;São Luís De Montes Belos;Municipio De Sao Luis De Montes Belos;Dispensa;1;613,33;nao;02320406000187-1-000115/2024;https://pncp.gov.br/app/editais/02320406000187/2024/115;https://bnccompras.com/Process/ProcessView?param1=[gkz]2b1F9THI2MhIXe6DwfbwdGyw0SZBk18GUvdox78NnJ3yRAv9qrZU/YltPYRPb5oxr2nUYfFAIWJENuPjVcqQgrrdYDMXlvC6Kzbr42HYfl8=
2024-08-07;SC;Capinzal;Servico Intermunicipal De Agua E Esgoto;Dispensa;1;16500,00;nao;82782079000114-1-000069/2024;https://pncp.gov.br/app/editais/82782079000114/2024/69;
2024-08-06;SE;Barra Dos Coqueiros;Barra Dos Coqueiros Camara Municipal De Vereadores;Dispensa;1;11152,21;nao;32720971000100-1-000015/2024;https://pncp.gov.br/app/editais/32720971000100/2024/15;https://portal.licitanet.com.br/acesso-visitante/WkpPaW1wYWw=
2024-08-05;MG;Pedro Leopoldo;Ministerio Da Agricultura, Pecuaria E Abastecimento;Dispensa;1;1024,19;nao;00396895000125-1-000452/2024;https://pncp.gov.br/app/editais/00396895000125/2024/452;
2024-08-02;TO;Gurupi;Secretaria Municipal De Ciencia, Tecnologia E Inovacao;Dispensa;1;6374,15;nao;23357740000185-1-000007/2024;https://pncp.gov.br/app/editais/23357740000185/2024/7;
2024-07-30;RS;Colorado;Municipio De Colorado;Dispensa;1;8990,00;sim;87613527000170-1-000059/2024;https://pncp.gov.br/app/editais/87613527000170/2024/59;
2024-07-29;BA;Itagibá;Itagiba Camara Municipal;Dispensa;2;;nao;63180541000169-1-000003/2024;https://pncp.gov.br/app/editais/63180541000169/2024/3;
2024-07-25;PI;Ilha Grande;Municipio De Ilha Grande;Pregão - Eletrônico;2;;nao;01612581000185-1-000034/2024;https://pncp.gov.br/app/editais/01612581000185/2024/34;http://www.comprasilhagrandepi.com.br
2024-07-25;MG;União De Minas;Municipio De Uniao De Minas;Pregão - Eletrônico;1;15089,00;nao;01051819000140-1-000073/2024;https://pncp.gov.br/app/editais/01051819000140/2024/73;https://portal.licitanet.com.br/acesso-visitante/WkpPaGw1R2w=
2024-07-24;PB;Manaíra;Municipio De Manaira;Pregão - Eletrônico;2;;nao;09148131000195-1-000034/2024;https://pncp.gov.br/app/editais/09148131000195/2024/34;https://portaldecompraspublicas.com.br/processos/PB/Prefeitura-Municipal-de-Manaira-1548/RPE-00028-2024-2024-322307
2024-07-23;RJ;Rio De Janeiro;Ministerio Da Ciencia, Tecnologia E Inovacoes;Dispensa;1;243840,00;nao;01263896000164-1-000619/2024;https://pncp.gov.br/app/editais/01263896000164/2024/619;
2024-07-23;MG;Belo Horizonte;Consorcio Intermunicipal Alianca Para A Saude Cias;Dispensa;2;60828,43;nao;97550393000149-1-000014/2024;https://pncp.gov.br/app/editais/97550393000149/2024/14;http://www.licitacias.com.br
2024-07-23;BA;Salvador;Conselho Regional Dos Tecnicos Industriais Da Bahia - Crt-Ba;Dispensa;1;36240,00;nao;32784905000196-1-000014/2024;https://pncp.gov.br/app/editais/32784905000196/2024/14;
2024-07-23;MG;Fortuna De Minas;Municipio De Fortuna De Minas;Pregão - Eletrônico;1;13917,72;nao;18116145000118-1-000060/2024;https://pncp.gov.br/app/editais/18116145000118/2024/60;
2024-07-23;MG;Fortuna De Minas;Municipio De Fortuna De Minas;Pregão - Eletrônico;1;13917,68;nao;18116145000118-1-000061/2024;https://pncp.gov.br/app/editais/18116145000118/2024/61;
2024-07-23;ES;Santa Teresa;Fundo Municipal De Saude De Santa Teresa;Pregão - Eletrônico;1;11323,28;nao;14491945000168-1-000019/2024;https://pncp.gov.br/app/editais/14491945000168/2024/19;
2024-07-22;SE;Barra Dos Coqueiros;Barra Dos Coqueiros Camara Municipal De Vereadores;Dispensa;1;9760,32;nao;32720971000100-1-000014/2024;https://pncp.gov.br/app/editais/32720971000100/2024/14;https://portal.licitanet.com.br/acesso-visitante/WkpPZ25aV2c=
2024-07-22;SP;Iperó;Ipero Camara Municipal;Dispensa;1;9876,00;nao;57055394000100-1-000009/2024;https://pncp.gov.br/app/editais/57055394000100/2024/9;
2024-07-22;MG;Serra Da Saudade;Municipio De Serra Da Saudade;Pregão - Eletrônico;1;15425,18;nao;18301069000110-1-000018/2024;https://pncp.gov.br/app/editais/18301069000110/2024/18;https://bllcompras.com/Process/ProcessView?param1=[gkz]rLHC6ZgQf3qGYlD6S63rOFQQ6AUnQFeydTgAmSxgMEaKAjvFtMrSwe/Q9FM2xQfBD_L4KbQnn7u0q/S5WGDKC0QlflphOmtsrqbd98kqr90=
2024-07-19;TO;Gurupi;Municipio De Gurupi;Dispensa;1;6374,15;nao;01803618000152-1-000054/2024;https://pncp.gov.br/app/editais/01803618000152/2024/54;https://portaldecompraspublicas.com.br/processos/TO/Prefeitura-Municipal-de-Gurupi-977/DE-2024041-GPI-SECTI-2024-2024-321209
2024-07-19;RN;Pedra Grande;Municipio De Pedra Grande;Pregão - Eletrônico;1;14650,66;nao;08113896000127-1-000015/2024;https://pncp.gov.br/app/editais/08113896000127/2024/15;https://portaldecompraspublicas.com.br/processos/RN/Prefeitura-Municipal-de-Pedra-Grande-1534/RPE-15070001-2024-2024-320603
2024-07-18;PR;Andirá;Municipio De Andira;Pregão - Eletrônico;1;56890,40;nao;76235761000194-1-000089/2024;https://pncp.gov.br/app/editais/76235761000194/2024/89;
2024-07-17;MG;Paraguaçu;Camara Municipal De Paraguacu;Dispensa;1;418,44;nao;07480746000199-1-000038/2024;https://pncp.gov.br/app/editais/07480746000199/2024/38;
2024-07-17;MG;Paraguaçu;Camara Municipal De Paraguacu;Dispensa;1;2315,49;nao;07480746000199-1-000041/2024;https://pncp.gov.br/app/editais/07480746000199/2024/41;
2024-07-17;CE;Quixeré;Municipio De Quixere;Pregão - Eletrônico;1;8979,14;nao;07807191000147-1-000104/2024;https://pncp.gov.br/app/editais/07807191000147/2024/104;https://licitamaisbrasil.com.br/detalhes-do-edital/9q3lV9JTlUiiyv3F
2024-07-16;BA;Palmas De Monte Alto;Municipio De Palmas De Monte Alto;Pregão - Eletrônico;1;47500,00;nao;13982590000147-1-000105/2024;https://pncp.gov.br/app/editais/13982590000147/2024/105;https://portaldecompraspublicas.com.br/processos/BA/Prefeitura-Municipal-de-Palmas-de-Monte-Alto-2976/RPE-028-2024PE-2024-2024-316649
2024-07-16;MS;Sidrolândia;Municipio De Sidrolandia;Pregão - Eletrônico;1;82296,50;nao;03501574000131-1-000067/2024;https://pncp.gov.br/app/editais/03501574000131/2024/67;
2024-07-15;MG;Poços De Caldas;Municipio De Pocos De Caldas;Pregão - Eletrônico;1;99,88;nao;18629840000183-1-000030/2024;https://pncp.gov.br/app/editais/18629840000183/2024/30;https://portaldecompraspublicas.com.br/processos/MG/Prefeitura-Municipal-de-Pocos-de-Caldas-3181/PE-042-SMAGP-2024-2024-319487
2024-07-12;MG;Morro Do Pilar;Municipio De Morro Do Pilar;Dispensa;1;6766,69;nao;18303214000100-1-000028/2024;https://pncp.gov.br/app/editais/18303214000100/2024/28;
2024-07-10;PE;São José Do Belmonte;Municipio De Sao Jose Do Belmonte;Pregão - Eletrônico;2;98199,90;nao;10280055000156-1-000075/2024;https://pncp.gov.br/app/editais/10280055000156/2024/75;
2024-07-10;BA;Morro Do Chapéu;Municipio De Morro Do Chapeu;Pregão - Eletrônico;1;18507,10;nao;13717517000148-1-000064/2024;https://pncp.gov.br/app/editais/13717517000148/2024/64;https://bnccompras.com/Process/ProcessView?param1=[gkz]DSkGOHmstRZf1NTYCIkqb8BqA6mLDfQZh5Rk/BkvrYvp857BrwVWrJNLFzUQ_kt2wsc442zy3jS4VTLSU8ARvC6rFF_zRvaCHdtiKrkNhCs=
2024-07-10;SP;São Paulo;Universidade De Sao Paulo;Dispensa;1;33600,00;nao;63025530000104-1-000771/2024;https://pncp.gov.br/app/editais/63025530000104/2024/771;
2024-07-08;PR;Tomazina;Municipio De Tomazina;Dispensa;1;44458,00;nao;75697094000107-1-000082/2024;https://pncp.gov.br/app/editais/75697094000107/2024/82;
2024-07-05;MG;Jequitinhonha;Municipio De Jequitinhonha;Pregão - Eletrônico;1;10373,67;nao;18083659000114-1-000050/2024;https://pncp.gov.br/app/editais/18083659000114/2024/50;
2024-07-05;RN;São Paulo Do Potengi;Municipio De Sao Paulo Do Potengi;Pregão - Eletrônico;1;37552,14;nao;08079774000161-1-000062/2024;https://pncp.gov.br/app/editais/08079774000161/2024/62;https://portaldecompraspublicas.com.br/processos/RN/Prefeitura-Municipal-de-Sao-Paulo-do-Potengi-1777/RPE-19-2024-2024-317731
2024-07-05;SE;Aracaju;Corpo De Bombeiros Militar Do Estado De Sergipe;Dispensa;1;;nao;34850068000181-1-000045/2024;https://pncp.gov.br/app/editais/34850068000181/2024/45;https://sistema.comprasnet.se.gov.br/publico/WKF.aspx?key=41730
2024-07-05;PB;Damião;Municipio De Damiao;Dispensa;2;27957,32;nao;01612636000157-1-000050/2024;https://pncp.gov.br/app/editais/01612636000157/2024/50;
2024-07-04;MG;Ipatinga;Agencia De Desenvolvimento Da Regiao Metropolitana Do Vale Do Aco;Dispensa;1;4859,50;nao;15438067000180-1-000007/2024;https://pncp.gov.br/app/editais/15438067000180/2024/7;https://www1.compras.mg.gov.br/n/procedimentolei14133/consulta/eletronico/visualizar/2024/19/2461022
2024-07-04;PR;Guairaçá;Municipio De Guairaca;Pregão - Eletrônico;1;10420,24;nao;76238443000187-1-000071/2024;https://pncp.gov.br/app/editais/76238443000187/2024/71;
2024-07-04;GO;Senador Canedo;Municipio De Senador Canedo;Pregão - Eletrônico;1;56464,66;nao;25107525000151-1-000142/2024;https://pncp.gov.br/app/editais/25107525000151/2024/142;https://portaldecompraspublicas.com.br/processos/GO/Prefeitura-Municipal-de-Senador-Canedo-992/RPE-47-2024-2024-317066
2024-07-04;MS;Aparecida Do Taboado;Camara Municipal De Aparecida Do Taboado/Ms;Pregão - Eletrônico;2;109396,66;nao;15386444000184-1-000023/2024;https://pncp.gov.br/app/editais/15386444000184/2024/23;https://bllcompras.com/Process/ProcessView?param1=[gkz]QMDGDYur7nbXPxqWhXOqVjLNSLw8KAL_ZjWjzoa9Ju1Eibxle7giVwISaiePpOOn9exCzkYlHXocElvPRlaAxmk0VZ9jczNPtO7GJJLmiTQ=
2024-07-03;MG;Paraguaçu;Camara Municipal De Paraguacu;Dispensa;1;2315,49;nao;07480746000199-1-000036/2024;https://pncp.gov.br/app/editais/07480746000199/2024/36;
2024-07-03;SP;Tremembé;Camara Municipal Da Estancia Turistica De Tremembe;Dispensa;1;59136,52;nao;51639391000120-1-000022/2024;https://pncp.gov.br/app/editais/51639391000120/2024/22;
2024-06-27;RN;Cruzeta;Municipio De Cruzeta;Pregão - Eletrônico;1;;nao;08106510000150-1-000090/2024;https://pncp.gov.br/app/editais/08106510000150/2024/90;https://portaldecompraspublicas.com.br/processos/RN/Prefeitura-Municipal-de-Cruzeta-1432/RPE-21-2024-2024-311863
2024-06-27;GO;Valparaíso De Goiás;Municipio De Valparaiso De Goias;Dispensa;1;1716,32;nao;01616319000109-1-000096/2024;https://pncp.gov.br/app/editais/01616319000109/2024/96;
2024-06-26;RS;Torres;Municipio De Torres;Dispensa;1;11686,68;nao;87876801000101-1-000164/2024;https://pncp.gov.br/app/editais/87876801000101/2024/164;
2024-06-25;SP;Dois Córregos;Municipio De Dois Corregos;Pregão - Eletrônico;2;77621,40;nao;45671120000159-1-000158/2024;https://pncp.gov.br/app/editais/45671120000159/2024/158;
2024-06-24;PR;Campo Mourão;Previdencia Soc Dos Serv Publicos Do Mun De Cpo Mourao;Dispensa;1;14017,91;nao;80900699000185-1-000024/2024;https://pncp.gov.br/app/editais/80900699000185/2024/24;
2024-06-24;GO;Turvânia;Fundo Municipal De Saude De Turvania;Dispensa;1;12000,00;nao;10713187000124-1-000121/2024;https://pncp.gov.br/app/editais/10713187000124/2024/121;
2024-06-21;MG;Espera Feliz;Espera Feliz Camara Municipal;Pregão - Eletrônico;1;957,33;nao;20296794000190-1-000013/2024;https://pncp.gov.br/app/editais/20296794000190/2024/13;https://portal.licitanet.com.br/acesso-visitante/Ykpxb25aRSUzRA==
2024-06-19;GO;Águas Lindas De Goiás;Fundo Municipal De Transporte Do Municipio De Aguas Lindas De Goias;Dispensa;1;5559,67;nao;25234161000170-1-000015/2024;https://pncp.gov.br/app/editais/25234161000170/2024/15;
2024-06-17;MG;Paraguaçu;Camara Municipal De Paraguacu;Dispensa;1;418,44;nao;07480746000199-1-000031/2024;https://pncp.gov.br/app/editais/07480746000199/2024/31;
2024-06-17;PR;Ponta Grossa;Fundacao De Assistencia Social De Ponta Grossa;Pregão - Eletrônico;1;39402,46;nao;07865433000159-1-000023/2024;https://pncp.gov.br/app/editais/07865433000159/2024/23;
2024-06-13;MA;Senador Alexandre Costa;Municipio De Senador Alexandre Costa;Pregão - Eletrônico;1;13000,00;nao;01566688000134-1-000019/2024;https://pncp.gov.br/app/editais/01566688000134/2024/19;https://portal.licitanet.com.br/acesso-visitante/Ykptbm01USUzRA==
2024-06-12;GO;Turvânia;Fundo Municipal De Saude De Turvania;Dispensa;1;12000,00;nao;10713187000124-1-000097/2024;https://pncp.gov.br/app/editais/10713187000124/2024/97;https://bnccompras.com/Process/ProcessView?param1=[gkz]tlNJ/DpJ2bVxG9cCuVy0iKdYRuCKwkrBUG/xPhTzzXBgJLkSNURqNSywe26mMLccmKChhyGpSdHZR3j2bd60_85ho7XixPFsqRS5Gex_3Mk=
2024-06-12;PR;Campo Mourão;Previdencia Soc Dos Serv Publicos Do Mun De Cpo Mourao;Dispensa;1;8040,00;nao;80900699000185-1-000023/2024;https://pncp.gov.br/app/editais/80900699000185/2024/23;https://portaldecompraspublicas.com.br/processos/PR/Previdencia-Social-dos-Servidores-Publicos-do-Municipio-de-Campo-Mourao-PREVISCAM-3885/DE-012-2024-2024-310255
2024-06-11;GO;Senador Canedo;Municipio De Senador Canedo;Dispensa;1;18000,00;nao;25107525000151-1-000107/2024;https://pncp.gov.br/app/editais/25107525000151/2024/107;https://portaldecompraspublicas.com.br/processos/GO/Prefeitura-Municipal-de-Senador-Canedo-992/DE-28-2024-2024-310069
2024-06-11;PR;Campo Mourão;Previdencia Soc Dos Serv Publicos Do Mun De Cpo Mourao;Dispensa;1;8040,00;nao;80900699000185-1-000022/2024;https://pncp.gov.br/app/editais/80900699000185/2024/22;
2024-06-10;MG;Natalândia;Municipio De Natalandia;Pregão - Eletrônico;1;15200,00;nao;01593752000176-1-000009/2024;https://pncp.gov.br/app/editais/01593752000176/2024/9;https://bnccompras.com/Process/ProcessView?param1=[gkz]lqIIcmYzVpUdOumKp0V0pxAapBbh3MuH37pyNx2MmncqZsCOzXtCVVhktiDwJHJ5XfHIncaUxvO9/mIco8LAUnohdO5Oh57yO5caXvIUV8s=
2024-06-10;RS;Brochier;Municipio De Brochier;Pregão - Eletrônico;1;67671,67;nao;91693309000160-1-000086/2024;https://pncp.gov.br/app/editais/91693309000160/2024/86;
2024-06-10;MG;Senhora Do Porto;Municipio De Senhora Do Porto;Dispensa;1;;nao;18307504000114-1-000016/2024;https://pncp.gov.br/app/editais/18307504000114/2024/16;
2024-06-07;RS;Rondinha;Municipio De Rondinha;Pregão - Eletrônico;1;;nao;87712212000180-1-000061/2024;https://pncp.gov.br/app/editais/87712212000180/2024/61;
2024-06-06;PR;Goioxim;Municipio De Goioxim;Pregão - Eletrônico;1;619,30;nao;01607627000178-1-000057/2024;https://pncp.gov.br/app/editais/01607627000178/2024/57;https://portal.licitanet.com.br/acesso-visitante/YkppbWw1YyUzRA==
2024-06-06;RJ;Rio De Janeiro;Fiotec - Fundacao Para O Desenvolvimento Cientifico E Tecnologico Em S;Dispensa;1;;sim;02385669000174-1-000615/2024;https://pncp.gov.br/app/editais/02385669000174/2024/615;https://bllcompras.com/DirectBuy/DirectBuyView?param1=[gkz]pne_RdVSVs9HJ5LpjS23KpX77E5_7BOWFdqXQkQ2I0y5mX_tPmB7q6GNERdbFkH4ZrPPUj7LO7w8HHIAzuS2YXh/6enHRCpjkPwqGq7QKRI=
2024-06-06;RS;Vacaria;Camara Municipal De Vereadores De Vacaria;Dispensa;1;550,67;nao;90544057000144-1-000005/2024;https://pncp.gov.br/app/editais/90544057000144/2024/5;https://portal.tce.rs.gov.br/aplicprod/f?p=50500:10:::NO:10:P10_ID_LICITACAO,P10_PAG_RETORNO,F50500_CD_ORGAO:1197654,14,62501&cs=1LAcFS6wJH6G7grCr5h4-Xb-cJ6w
2024-06-05;BA;Feira De Santana;Fundacao Hospitalar De Feira De Santana;Pregão - Eletrônico;1;61666,67;nao;40637159000136-1-000060/2024;https://pncp.gov.br/app/editais/40637159000136/2024/60;https://bllcompras.com/Process/ProcessView?param1=[gkz]EdmDmbVgJ4xOQRpA4HwlVXU9xD10SCTw5jurYzXdD16XjGyO3AroodWW0F8niTJej5_rXZ_c7muqC7ubbQrH_RMOgRXReK4NYHbBI0MRCck=
2024-06-05;RS;Rio Pardo;Municipio De Rio Pardo;Dispensa;1;6449,00;nao;88821079000162-1-000199/2024;https://pncp.gov.br/app/editais/88821079000162/2024/199;
2024-06-05;RJ;Rio De Janeiro;Fundacao Oswaldo Cruz;Dispensa;1;292000,00;nao;33781055000135-1-002136/2023;https://pncp.gov.br/app/editais/33781055000135/2023/2136;
2024-06-03;AM;Manaus;Conselho Regional De Administracao Do Amazonas;Dispensa;1;12904,30;nao;14189856000161-1-000008/2024;https://pncp.gov.br/app/editais/14189856000161/2024/8;
2024-05-29;RS;Erechim;Consorcio Publico Intermunicipal Da Regiao Do Alto Uruguai - Cirau;Pregão - Eletrônico;2;;nao;11074898000169-1-000013/2024;https://pncp.gov.br/app/editais/11074898000169/2024/13;https://portaldecompraspublicas.com.br/processos/RS/Consorcio-Intermunicipal-da-Regiao-do-Alto-Uruguai-CIRAU-1055/RPE-014-2024-2024-305854
2024-05-29;BA;Salvador;Fapex Fundacao De Apoio A Pesquisa E Extensao;Pregão - Eletrônico;1;84265,00;nao;14645162000191-1-000003/2024;https://pncp.gov.br/app/editais/14645162000191/2024/3;https://bllcompras.com/Process/ProcessView?param1=[gkz]8PUApJrzRKWmts4kSYJdhs9YACJ7RVW2Gx2OOl5znDsq71fyVim/JDa0uitRztjhrLBJe9SH00Pp19cjyeEvQf68LAhEOfS9ZaSglvmncfY=
2024-05-28;AM;Manaus;Corpo De Bombeiros Militar Do Estado Do Amazonas - Cbmam;Pregão - Eletrônico;1;;nao;02963980000153-1-000016/2024;https://pncp.gov.br/app/editais/02963980000153/2024/16;https://www.e-compras.am.gov.br/publico/licitacoes_detalhes.asp?ident=242445
2024-05-21;MG;Munhoz;Municipio De Munhoz;Pregão - Eletrônico;1;25024,28;nao;18675934000199-1-000054/2024;https://pncp.gov.br/app/editais/18675934000199/2024/54;
2024-05-20;PA;Cumaru Do Norte;Municipio De Cumaru Do Norte;Pregão - Eletrônico;2;127546,86;sim;34670976000193-1-000022/2024;https://pncp.gov.br/app/editais/34670976000193/2024/22;https://portaldecompraspublicas.com.br/processos/PA/Prefeitura-Municipal-de-Cumaru-do-Norte-2586/PE-13-2024-2024-302182
2024-05-20;RO;Rolim De Moura;Municipio De Rolim De Moura;Pregão - Eletrônico;1;14978,65;nao;04394805000118-1-000016/2024;https://pncp.gov.br/app/editais/04394805000118/2024/16;https://portal.licitanet.com.br/acesso-visitante/YkpXbGxwRSUzRA==
2024-05-17;MT;Alto Paraguai;Municipio De Alto Paraguai;Pregão - Eletrônico;1;55806,38;sim;03648532000128-1-000009/2024;https://pncp.gov.br/app/editais/03648532000128/2024/9;https://bllcompras.com/Process/ProcessView?param1=[gkz]jK152A6k2jhOFWl127KxRm7DUfUstYgbe03gDkPs7uX45rS0xoZL1NiUbHAH0Cx9ZUQH/wqP5LwnEzoHRUpdm_TkDgQkPyXsWT04xTtJpZA=
2024-05-17;PR;Ibiporã;Municipio De Ibipora;Pregão - Eletrônico;2;65944,65;sim;76244961000103-1-000061/2024;https://pncp.gov.br/app/editais/76244961000103/2024/61;https://bnccompras.com/Process/ProcessView?param1=[gkz]wUerOcL9b91TNc93jEbpy1I_YiggldPhR9E2N67gsRLkpsrapz9efMgZ4ln3YZSdA6bT/VVLCeaWUzExKzY219s4JzeD1AWS7zsg77P9eA0=
2024-05-16;SP;Osvaldo Cruz;Municipio De Osvaldo Cruz;Pregão - Eletrônico;1;43352,92;nao;53300356000107-1-000045/2024;https://pncp.gov.br/app/editais/53300356000107/2024/45;
2024-05-15;MT;Campo Verde;Municipio De Campo Verde;Pregão - Eletrônico;1;96646,50;nao;24950495000188-1-000127/2024;https://pncp.gov.br/app/editais/24950495000188/2024/127;https://www.gp.srv.br/transparencia_campoverde/servlet/licitacoes_v2?1
2024-05-15;PA;Tucumã;Municipio De Tucuma;Pregão - Eletrônico;1;992,00;nao;22981088000102-1-000079/2024;https://pncp.gov.br/app/editais/22981088000102/2024/79;https://portaldecompraspublicas.com.br/processos/PA/Prefeitura-Municipal-de-Tucuma-2080/PE-9-2024-019PMT-2024-2024-301751
2024-05-15;CE;Fortaleza;Municipio De Fortaleza;Pregão - Eletrônico;1;7266993,76;nao;07954605000160-1-000186/2024;https://pncp.gov.br/app/editais/07954605000160/2024/186;https://compras.sepog.fortaleza.ce.gov.br/
2024-05-14;BA;Taperoá;Municipio De Taperoa;Pregão - Eletrônico;1;13960,22;nao;13850342000142-1-000014/2024;https://pncp.gov.br/app/editais/13850342000142/2024/14;https://portal.licitanet.com.br/acesso-visitante/YkpXaG1KYyUzRA==
2024-05-13;MG;Varginha;Consorcio Intermunicipal De Saude Da Macro Regiao Do Sulde Minas;Pregão - Eletrônico;1;4780,65;nao;13985869000184-1-000031/2024;https://pncp.gov.br/app/editais/13985869000184/2024/31;
2024-05-13;MG;Rio Vermelho;Camara Municipal De Rio Vermelho;Pregão - Eletrônico;2;57173,29;sim;07061751000167-1-000001/2024;https://pncp.gov.br/app/editais/07061751000167/2024/1;
2024-05-13;GO;Turvânia;Municipio De Turvania;Pregão - Eletrônico;1;9928,12;nao;02321883000167-1-000112/2024;https://pncp.gov.br/app/editais/02321883000167/2024/112;https://bnccompras.com/Process/ProcessView?param1=[gkz]s0z4R7TLn0_mcoMqmwObEGNFiMphuv2W6fxxvNhFoIyu7faEc27u/m46CV13T7pB8xCrbSHqVQpwsh7gnQ9KYONzWOhF1A6_pGY2YNxpEzU=
2024-05-08;BA;Barra Do Rocha;Municipio De Barra Do Rocha;Pregão - Eletrônico;2;21082,20;nao;14234850000169-1-000010/2024;https://pncp.gov.br/app/editais/14234850000169/2024/10;
2024-05-07;RN;São José Do Seridó;Municipio De Sao Jose Do Serido;Pregão - Eletrônico;1;23800,02;nao;08096083000176-1-000029/2024;https://pncp.gov.br/app/editais/08096083000176/2024/29;
2024-05-07;SP;Coronel Macedo;Municipio De Coronel Macedo;Pregão - Eletrônico;1;3814,16;nao;46634192000199-1-000034/2024;https://pncp.gov.br/app/editais/46634192000199/2024/34;https://bllcompras.com/Process/ProcessView?param1=[gkz]wiZapeBbRLinEm5qerCh7Zg5APAhHsxMJgs4G3WVP_ddhqJ8tWpJRk0da1A3xUHYpyNLic5hN1Y1hTVQ7i0UDoqWvwBat5dzmpjH_P68Nc4=
2024-05-02;MG;Chácara;Municipio De Chacara;Pregão - Eletrônico;1;2490,00;nao;18338137000116-1-000054/2024;https://pncp.gov.br/app/editais/18338137000116/2024/54;
2024-05-02;RO;Porto Velho;Servico Nacional De Aprendizagem Comercial Senac;Pregão - Eletrônico;2;;nao;03581871000134-1-000001/2024;https://pncp.gov.br/app/editais/03581871000134/2024/1;https://bllcompras.com/Process/ProcessView?param1=[gkz]Yw8tjfhaQAIXvF6hewEuIjbZ3PKTTxtCz9e5Py0Atl92CyPU/aOfQFfcdFInlykN205zdhpik5xIkIrxX3tlDnjt8y/hYOfqoH_SOhn_WgE=
2024-04-29;SC;Descanso;Municipio De Descanso;Pregão - Eletrônico;1;26000,00;nao;83026138000197-1-000026/2024;https://pncp.gov.br/app/editais/83026138000197/2024/26;
2024-04-29;MG;Mesquita;Municipio De Mesquita;Pregão - Eletrônico;1;8664,93;nao;17112061000143-1-000012/2024;https://pncp.gov.br/app/editais/17112061000143/2024/12;
2024-04-26;RO;Vale Do Anari;Municipio De Vale Do Anari;Pregão - Eletrônico;1;18281,00;nao;84722917000190-1-000009/2024;https://pncp.gov.br/app/editais/84722917000190/2024/9;
2024-04-26;PA;Belém;Casa Militar Da Governadoria Do Estado Do Para;Pregão - Eletrônico;3;123382,19;nao;07313542000163-1-000009/2024;https://pncp.gov.br/app/editais/07313542000163/2024/9;
2024-04-26;RO;Vale Do Anari;Municipio De Vale Do Anari;Pregão - Eletrônico;1;18281,00;nao;84722917000190-1-000010/2024;https://pncp.gov.br/app/editais/84722917000190/2024/10;https://portal.licitanet.com.br/acesso-visitante/YkpPZ25KZyUzRA==
2024-04-26;PB;Nova Olinda;Municipio De Nova Olinda;Pregão - Eletrônico;2;59850,00;nao;08889297000108-1-000009/2024;https://pncp.gov.br/app/editais/08889297000108/2024/9;https://portaldecompraspublicas.com.br/processos/PB/Prefeitura-Municipal-de-Nova-Olinda-2314/RPE-9-2024-2024-297438
2024-04-25;PR;Santa Terezinha De Itaipu;Municipio De Santa Terezinha De Itaipu;Pregão - Eletrônico;1;17870,28;nao;75425314000135-1-000060/2024;https://pncp.gov.br/app/editais/75425314000135/2024/60;
2024-04-24;MG;Monsenhor Paulo;Municipio De Monsenhor Paulo;Dispensa;1;2443,33;nao;22541874000199-1-000046/2024;https://pncp.gov.br/app/editais/22541874000199/2024/46;https://portaldecompraspublicas.com.br/processos/MG/Prefeitura-Municipal-de-Monsenhor-Paulo-3689/DE-061-2024-2024-296543
2024-04-24;PR;Jardim Olinda;Municipio De Jardim Olinda;Pregão - Presencial;1;866,00;nao;76970383000192-1-000060/2024;https://pncp.gov.br/app/editais/76970383000192/2024/60;
2024-04-23;MG;Paraguaçu;Camara Municipal De Paraguacu;Pregão - Eletrônico;1;675,56;nao;07480746000199-1-000001/2024;https://pncp.gov.br/app/editais/07480746000199/2024/1;
2024-04-19;SP;Itaporanga;Municipio De Itaporanga;Pregão - Eletrônico;1;11532,00;nao;46634408000116-1-000063/2024;https://pncp.gov.br/app/editais/46634408000116/2024/63;https://bllcompras.com/Process/ProcessView?param1=[gkz]BDUAEcaRaGz_WUCHEb1Wjo0ch5_qOWi5sGn5JdgHT3dZZ4OwsysbT0jOi/V5VZNy0PJ4kdS64JiuURt4NTd8k1XoGIP3AUPMdsS52292QQA=
2024-04-18;MG;Belo Horizonte;Empresa De Pesquisa Agropecuaria De Minas Gerais;Pregão - Eletrônico;1;65030,00;nao;17138140000123-1-000035/2024;https://pncp.gov.br/app/editais/17138140000123/2024/35;https://www1.compras.mg.gov.br/n/procedimentolei14133/consulta/eletronico/visualizar/2024/29/3051002
2024-04-18;MG;Sete Lagoas;Servico Autonomo De Agua, Esgoto E Saneamento Urbano;Pregão - Eletrônico;1;3026,22;nao;24996845000147-1-000044/2024;https://pncp.gov.br/app/editais/24996845000147/2024/44;https://app2.licitardigital.com.br/pesquisa/27632
2024-04-12;MG;Pratinha;Municipio De Pratinha;Pregão - Eletrônico;1;4659,23;nao;18585570000156-1-000019/2024;https://pncp.gov.br/app/editais/18585570000156/2024/19;https://portal.licitanet.com.br/acesso-visitante/YTV1bGw1VSUzRA==
2024-04-09;MG;Minas Novas;Municipio De Minas Novas;Pregão - Eletrônico;1;4266,30;nao;22516405000110-1-000017/2024;https://pncp.gov.br/app/editais/22516405000110/2024/17;
2024-04-08;RO;Alto Paraíso;Municipio De Alto Paraiso;Pregão - Eletrônico;1;10596,70;nao;63762025000142-1-000031/2024;https://pncp.gov.br/app/editais/63762025000142/2024/31;https://portal.licitanet.com.br/acesso-visitante/YTVxbm01SSUzRA==
2024-04-05;MA;Barão De Grajaú;Municipio De Barao De Grajau;Pregão - Eletrônico;1;8056,80;nao;06477822000144-1-000011/2024;https://pncp.gov.br/app/editais/06477822000144/2024/11;https://portal.licitanet.com.br/acesso-visitante/YTVxbGxaYyUzRA==
2024-04-05;MA;Itapecuru Mirim;Fundo Municipal De Saude;Pregão - Eletrônico;2;2865,50;nao;11129938000122-1-000002/2024;https://pncp.gov.br/app/editais/11129938000122/2024/2;https://portal.licitanet.com.br/acesso-visitante/YTVxbWxwYyUzRA==
2024-04-05;MG;Juiz De Fora;Consorcio Intermunicipal De Saude Para Gerenciamento Da Rede De Urgenc;Pregão - Eletrônico;1;2301,18;nao;17813026000151-1-000017/2024;https://pncp.gov.br/app/editais/17813026000151/2024/17;https://bllcompras.com/Process/ProcessView?param1=[gkz]ZQtayGWjkd_L8OC98_DujENGWDGaZnNX7uVfEkt7zN6mPj2a7opphrveDdyH8LtTGOFtptEvSGdfiThoYt745sxjEp1yzWXeGNW1VazMFDM=
2024-04-01;SC;Florianópolis;Consorcio Interfederativo Santa Catarina - Cincatarina;Pregão - Eletrônico;4;3942692,25;nao;12075748000132-1-000042/2024;https://pncp.gov.br/app/editais/12075748000132/2024/42;
2024-03-26;MA;Alto Parnaíba;Municipio De Alto Parnaiba;Pregão - Eletrônico;3;19244,00;nao;06997571000129-1-000004/2023;https://pncp.gov.br/app/editais/06997571000129/2023/4;http://www.licitacaoaltoparnaiba.com.br
2024-03-25;MG;Pratápolis;Municipio De Pratapolis;Pregão - Eletrônico;1;9334,76;sim;18241356000182-1-000028/2024;https://pncp.gov.br/app/editais/18241356000182/2024/28;https://portaldecompraspublicas.com.br/processos/MG/Prefeitura-Municipal-de-Pratapolis-3878/RPE-000009-2024-2024-288303
2024-03-22;MG;Espera Feliz;Municipio De Espera Feliz;Pregão - Eletrônico;1;61122,64;nao;18114264000131-1-000024/2024;https://pncp.gov.br/app/editais/18114264000131/2024/24;https://portal.licitanet.com.br/acesso-visitante/YTVtamxKYyUzRA==
2024-03-21;RS;Santa Cruz Do Sul;Municipio De Santa Cruz Do Sul;Pregão - Eletrônico;1;;nao;95440517000108-1-000085/2024;https://pncp.gov.br/app/editais/95440517000108/2024/85;
2024-03-04;PI;Vera Mendes;Municipio De Vera Mendes;Pregão - Eletrônico;1;;nao;01612615000131-1-000010/2024;https://pncp.gov.br/app/editais/01612615000131/2024/10;https://portaldecompraspublicas.com.br/processos/PI/Prefeitura-Municipal-de-Vera-Mendes-2777/PE-PE-005-2024-2024-280455
2024-03-01;MG;Coqueiral;Municipio De Coqueiral;Pregão - Eletrônico;1;19610,50;nao;18239624000121-1-000025/2024;https://pncp.gov.br/app/editais/18239624000121/2024/25;https://portaldecompraspublicas.com.br/processos/MG/Prefeitura-Municipal-de-Coqueiral-1312/RPE-8-2024-2024-282211
2024-03-01;RS;São Francisco De Paula;Municipio De Sao Francisco De Paula;Pregão - Eletrônico;1;;nao;88756879000147-1-000154/2024;https://pncp.gov.br/app/editais/88756879000147/2024/154;https://portaldecompraspublicas.com.br/processos/RS/Prefeitura-Municipal-de-Sao-Francisco-de-Paula-3324/PE-9-2024-2024-282539
2024-02-02;PI;Lagoa Do Piauí;Municipio De Lagoa Do Piaui;Pregão - Eletrônico;1;13294,00;nao;01612583000174-1-000002/2024;https://pncp.gov.br/app/editais/01612583000174/2024/2;https://portaldecompraspublicas.com.br/processos/PI/Prefeitura-Municipal-de-Lagoa-do-Piaui-3015/PE-PE-002-2024-2024-277338
2024-01-27;RJ;Seropédica;Instituto De Previdencia Dos Servidores Municipais De Seropedica - Ser;Pregão - Eletrônico;2;20546,95;sim;08881803000104-1-000002/2024;https://pncp.gov.br/app/editais/08881803000104/2024/2;
2024-01-11;RN;Barcelona;Municipio De Barcelona;Pregão - Eletrônico;1;;nao;08002180000152-1-000002/2024;https://pncp.gov.br/app/editais/08002180000152/2024/2;https://portaldecompraspublicas.com.br/processos/RN/Prefeitura-Municipal-de-Barcelona-1085/RPE-026-2023-2024-274572
2023-12-21;RS;Porto Alegre;Subsecretaria Da Administracao Central De Licitacoes;Pregão - Eletrônico;1;669666,66;sim;87958658000199-1-000030/2024;https://pncp.gov.br/app/editais/87958658000199/2024/30;https://www.compras.rs.gov.br/editais/0024_2024/312877
2023-12-20;RS;Ibiraiaras;Municipio De Ibiraiaras;Pregão - Eletrônico;1;14900,00;nao;87613584000159-1-000152/2023;https://pncp.gov.br/app/editais/87613584000159/2023/152;https://portaldecompraspublicas.com.br/processos/RS/Prefeitura-Municipal-de-Ibiraiaras-3561/PE-42-2023-2023-271563
2023-12-17;PI;Parnaguá;Municipio De Parnagua;Pregão - Eletrônico;2;86790,65;nao;06554265000118-1-000013/2023;https://pncp.gov.br/app/editais/06554265000118/2023/13;
2023-12-13;MG;Passos;Municipio De Passos;Pregão - Eletrônico;1;293455,75;nao;18241745000108-1-000044/2023;https://pncp.gov.br/app/editais/18241745000108/2023/44;https://app2.licitardigital.com.br/pesquisa/19492
2023-12-08;MG;Itamarandiba;Municipio De Itamarandiba;Pregão - Eletrônico;1;243,34;nao;16886871000194-1-000185/2023;https://pncp.gov.br/app/editais/16886871000194/2023/185;https://app2.licitardigital.com.br/pesquisa/19319
2023-12-07;CE;Redenção;Municipio De Redencao;Pregão - Eletrônico;1;102900,00;nao;07756646000142-1-000017/2023;https://pncp.gov.br/app/editais/07756646000142/2023/17;
2023-12-06;CE;Fortaleza;Estado Do Ceara;Pregão - Eletrônico;1;76015,36;nao;07954480000179-1-002718/2023;https://pncp.gov.br/app/editais/07954480000179/2023/2718;http://comprasgovernamentais.gov.br/
2023-11-24;MG;João Monlevade;Consorcio Intermunicipal Multissetorial Do Medio Rio Piracicaba;Pregão - Eletrônico;4;1352566,52;nao;21325226000132-1-000014/2023;https://pncp.gov.br/app/editais/21325226000132/2023/14;https://app2.licitardigital.com.br/pesquisa/18545
2023-11-23;RN;Lagoa Nova;Lagoa Nova Camara Municipal;Pregão - Eletrônico;1;1450,00;nao;10727329000102-1-000016/2023;https://pncp.gov.br/app/editais/10727329000102/2023/16;https://portaldecompraspublicas.com.br/processos/RN/Camara-Municipal-de-Lagoa-Nova-1135/RPE-009-2023-2023-265699
2023-11-22;SC;Florianópolis;Corpo De Bombeiros Militar Do Estado De Santa Catarina;Pregão - Eletrônico;1;282315,00;nao;06096391000257-1-000033/2023;https://pncp.gov.br/app/editais/06096391000257/2023/33;
2023-11-17;MT;Cuiabá;Estado De Mato Grosso;Pregão - Eletrônico;2;723831,32;sim;03507415002864-1-000157/2023;https://pncp.gov.br/app/editais/03507415002864/2023/157;
2023-11-13;RS;Arroio Do Padre;Municipio De Arroio Do Padre;Pregão - Eletrônico;1;23805,34;nao;04218960000183-1-000032/2023;https://pncp.gov.br/app/editais/04218960000183/2023/32;https://portaldecompraspublicas.com.br/processos/RS/Prefeitura-Municipal-de-Arroio-do-Padre-1201/RPE-27-2023-2023-264547
2023-11-10;PR;Maringá;Universidade Estadual De Maringa;Pregão - Eletrônico;1;28283,00;nao;79151312000156-1-000146/2023;https://pncp.gov.br/app/editais/79151312000156/2023/146;
2023-11-06;RS;Campo Bom;Municipio De Campo Bom;Pregão - Eletrônico;1;116782,90;nao;90832619000155-1-000053/2023;https://pncp.gov.br/app/editais/90832619000155/2023/53;https://portaldecompraspublicas.com.br/processos/RS/Prefeitura-Municipal-de-Campo-Bom-42/RPE-PE-138-2023-2023-263218
2023-10-20;SC;Chapadão Do Lageado;Municipio De Chapadao Do Lageado;Pregão - Presencial;1;9559,00;nao;01613120000127-1-000077/2023;https://pncp.gov.br/app/editais/01613120000127/2023/77;
2023-10-19;PR;Cascavel;Fundacao Para O Desenvolvimento Cientifico E Tecnologic;Pregão - Eletrônico;1;3220,00;nao;72229982000107-1-000006/2023;https://pncp.gov.br/app/editais/72229982000107/2023/6;
2023-10-10;MG;Guaxupé;Municipio De Guaxupe;Pregão - Eletrônico;1;98602,13;sim;18663401000197-1-000102/2023;https://pncp.gov.br/app/editais/18663401000197/2023/102;https://app2.licitardigital.com.br/pesquisa/16845
2023-09-29;AM;Manaus;Controladoria Geral Do Estado;Pregão - Eletrônico;1;356006,67;nao;06103640000103-1-000007/2023;https://pncp.gov.br/app/editais/06103640000103/2023/7;https://www.e-compras.am.gov.br/publico/licitacoes_detalhes.asp?ident=238366
2023-09-11;PR;Serranópolis Do Iguaçu;Municipio De Serranopolis Do Iguacu;Pregão - Eletrônico;1;430,00;nao;01613052000104-1-000073/2023;https://pncp.gov.br/app/editais/01613052000104/2023/73;
2023-09-06;PR;Serranópolis Do Iguaçu;Municipio De Serranopolis Do Iguacu;Pregão - Eletrônico;1;430,00;nao;01613052000104-1-000065/2023;https://pncp.gov.br/app/editais/01613052000104/2023/65;https://bllcompras.com/Process/ProcessView?param1=[gkz]jx2J/j_w4VPbmlVqoUJeFAPg9v8J/vBkKNCFD5FX5dyZSSYEv3TFHSKdghotl2/bc46cslSM4jk8VKeXwZdCqkYq6bSF0k_alP_SIs4iQGI=
2023-08-29;SC;Rio Do Sul;Rio Do Sul Camara De Vereadores;Pregão - Eletrônico;3;4439,35;nao;83622985000114-1-000042/2023;https://pncp.gov.br/app/editais/83622985000114/2023/42;
2023-08-23;SC;Rio Do Sul;Rio Do Sul Camara De Vereadores;Pregão - Eletrônico;2;23748,00;nao;83622985000114-1-000032/2023;https://pncp.gov.br/app/editais/83622985000114/2023/32;https://bnccompras.com/Process/ProcessView?param1=[gkz]qRJU8WfZKjUCwmEQItan5et3FO21nz/WiBWdLuX4i2WWu6i5hLgWCBR9oTvIH5qSqNP3L8nmBQvh7IERmJ3VnDJJzUIufoWL2qOoX4ZZ4dA=
2023-08-23;SC;Rio Do Sul;Rio Do Sul Camara De Vereadores;Pregão - Eletrônico;1;3353,26;nao;83622985000114-1-000034/2023;https://pncp.gov.br/app/editais/83622985000114/2023/34;https://bnccompras.com/Process/ProcessView?param1=[gkz]yMCQIfon90P93KPilrXn2gOTWbB8y3U7Yug7PErZodvq8nYWj7j0j/SJg9hi9yXq6XuaL6oceCZZshDdZzAu5bupt0itkkmfJf1PTjSSbpQ=
2023-08-23;SC;Rio Do Sul;Rio Do Sul Camara De Vereadores;Pregão - Eletrônico;1;3353,26;nao;83622985000114-1-000033/2023;https://pncp.gov.br/app/editais/83622985000114/2023/33;
2023-08-11;MT;Nova Ubiratã;Municipio De Nova Ubirata;Pregão - Eletrônico;1;155800,00;nao;01614521000100-1-000019/2023;https://pncp.gov.br/app/editais/01614521000100/2023/19;https://bllcompras.com/Process/ProcessView?param1=[gkz]nGS0w5Vb1trmDEyBUpUjkf66AtfR94laT5QRzz/htclehR0kc7aMM2ltXdbrQBi/Am7vJumjil02DkPx9UL4OlvdQ4T/_plsg0Bzlu1vHY0=
2023-08-10;SP;Hortolândia;Municipio De Hortolandia;Pregão - Eletrônico;1;;nao;67995027000132-1-000125/2023;https://pncp.gov.br/app/editais/67995027000132/2023/125;
2023-08-07;SC;Rio Do Sul;Rio Do Sul Camara De Vereadores;Pregão - Eletrônico;3;4439,35;nao;83622985000114-1-000026/2023;https://pncp.gov.br/app/editais/83622985000114/2023/26;
2023-08-07;SC;Rio Do Sul;Rio Do Sul Camara De Vereadores;Pregão - Eletrônico;3;4439,35;nao;83622985000114-1-000027/2023;https://pncp.gov.br/app/editais/83622985000114/2023/27;https://bnccompras.com/Process/ProcessView?param1=[gkz]6Qe6Hj7D1nUmdEUVR9WZPt0c2mZYJnl6AN3D5tWRX_E7vaDkF4BqLxGxWYl6IJ3cH79aOL67V/zLLcgNufSRqbbZHnwO6_0NKKpyPAFZ/f0=
2023-08-03;SP;São Carlos;Fundacao De Apoio Inst Ao Desenv Cient E Tecnologico;Pregão - Eletrônico;1;12183,13;nao;66991647000130-1-000072/2023;https://pncp.gov.br/app/editais/66991647000130/2023/72;https://bllcompras.com/Process/ProcessView?param1=[gkz]kLcStHPcVZNMOwlRqr4JE26zEfz_PKHdKezooqhLpGX27xMZV8ZZRwBOV8B2FR4BNuhTctsG3b8s/7K8TEnD/8zJN66S2IvZVRQiJ32gQ6M=
2023-06-16;MG;Santana Da Vargem;Municipio De Santana Da Vargem;Pregão - Eletrônico;1;27190,18;nao;18245183000170-1-000016/2023;https://pncp.gov.br/app/editais/18245183000170/2023/16;https://portaldecompraspublicas.com.br/processos/MG/Prefeitura-Municipal-de-Santana-da-Vargem-3366/RPE-23-2023-2023-241881
2023-06-06;GO;Senador Canedo;Municipio De Senador Canedo;Dispensa;1;12000,00;nao;25107525000151-1-000070/2023;https://pncp.gov.br/app/editais/25107525000151/2023/70;
2023-05-31;RS;Araricá;Municipio De Ararica;Dispensa;1;;nao;01612918000154-1-000010/2023;https://pncp.gov.br/app/editais/01612918000154/2023/10;https://pregaobanrisul.com.br/editais/0019_2023/303501